date,department,day_of_week,month,expected_patients,capacity,occupancy_ratio,avg_waiting_time,doctors_available,had_event,event_severity
2025-07-10,Emergency,3,7,57,100,0.57,13.6,5,0,none
2025-07-10,OPD - General Medicine,3,7,106,150,0.707,15.2,7,0,none
2025-07-10,Cardiology,3,7,35,60,0.583,15.6,2,0,none
2025-07-10,Orthopedics,3,7,30,50,0.6,16.8,1,0,none
2025-07-10,Pediatrics,3,7,41,70,0.586,14.5,3,0,none
2025-07-10,Radiology,3,7,20,40,0.5,13.8,1,0,none
2025-07-11,Emergency,4,7,58,100,0.58,16.0,3,0,none
2025-07-11,OPD - General Medicine,4,7,119,150,0.793,26.9,6,0,none
2025-07-11,Cardiology,4,7,36,60,0.6,14.5,2,0,none
2025-07-11,Orthopedics,4,7,23,50,0.46,16.2,1,0,none
2025-07-11,Pediatrics,4,7,40,70,0.571,16.2,3,0,none
2025-07-11,Radiology,4,7,23,40,0.575,15.7,2,0,none
2025-07-12,Emergency,5,7,46,100,0.46,15.7,4,0,none
2025-07-12,OPD - General Medicine,5,7,84,150,0.56,16.0,7,0,none
2025-07-12,Cardiology,5,7,25,60,0.417,17.1,2,0,none
2025-07-12,Orthopedics,5,7,19,50,0.38,17.0,2,0,none
2025-07-12,Pediatrics,5,7,35,70,0.5,14.1,3,0,none
2025-07-12,Radiology,5,7,19,40,0.475,14.8,1,0,none
2025-07-13,Emergency,6,7,38,100,0.38,15.1,4,0,none
2025-07-13,OPD - General Medicine,6,7,76,150,0.507,16.7,5,0,none
2025-07-13,Cardiology,6,7,30,60,0.5,13.1,2,0,none
2025-07-13,Orthopedics,6,7,21,50,0.42,13.3,2,0,none
2025-07-13,Pediatrics,6,7,28,70,0.4,16.6,3,0,none
2025-07-13,Radiology,6,7,17,40,0.425,14.3,1,0,none
2025-07-14,Emergency,0,7,68,100,0.68,13.0,5,0,none
2025-07-14,OPD - General Medicine,0,7,142,150,0.947,48.2,5,0,none
2025-07-14,Cardiology,0,7,34,60,0.567,16.0,2,0,none
2025-07-14,Orthopedics,0,7,35,50,0.7,14.6,1,0,none
2025-07-14,Pediatrics,0,7,43,70,0.614,13.0,2,0,none
2025-07-14,Radiology,0,7,24,40,0.6,15.1,1,0,none
2025-07-15,Emergency,1,7,37,100,0.37,16.4,4,0,none
2025-07-15,OPD - General Medicine,1,7,96,150,0.64,12.9,6,0,none
2025-07-15,Cardiology,1,7,35,60,0.583,14.4,3,0,none
2025-07-15,Orthopedics,1,7,26,50,0.52,15.0,2,0,none
2025-07-15,Pediatrics,1,7,38,70,0.543,16.4,3,0,none
2025-07-15,Radiology,1,7,24,40,0.6,14.8,1,0,none
2025-07-16,Emergency,2,7,52,100,0.52,13.4,5,0,none
2025-07-16,OPD - General Medicine,2,7,101,150,0.673,16.1,5,0,none
2025-07-16,Cardiology,2,7,29,60,0.483,13.0,2,0,none
2025-07-16,Orthopedics,2,7,25,50,0.5,14.9,2,0,none
2025-07-16,Pediatrics,2,7,45,70,0.643,15.7,3,0,none
2025-07-16,Radiology,2,7,25,40,0.625,16.1,1,0,none
2025-07-17,Emergency,3,7,66,100,0.66,16.6,3,0,none
2025-07-17,OPD - General Medicine,3,7,120,150,0.8,25.0,8,0,none
2025-07-17,Cardiology,3,7,42,60,0.7,17.1,2,0,none
2025-07-17,Orthopedics,3,7,29,50,0.58,14.2,2,0,none
2025-07-17,Pediatrics,3,7,37,70,0.529,14.6,3,0,none
2025-07-17,Radiology,3,7,22,40,0.55,15.9,1,0,none
2025-07-18,Emergency,4,7,56,100,0.56,15.5,4,0,none
2025-07-18,OPD - General Medicine,4,7,82,150,0.547,13.1,8,0,none
2025-07-18,Cardiology,4,7,38,60,0.633,16.7,3,0,none
2025-07-18,Orthopedics,4,7,23,50,0.46,17.0,2,0,none
2025-07-18,Pediatrics,4,7,32,70,0.457,13.2,3,0,none
2025-07-18,Radiology,4,7,23,40,0.575,13.9,1,0,none
2025-07-19,Emergency,5,7,51,100,0.51,13.7,4,0,none
2025-07-19,OPD - General Medicine,5,7,81,150,0.54,14.9,6,0,none
2025-07-19,Cardiology,5,7,28,60,0.467,13.2,2,0,none
2025-07-19,Orthopedics,5,7,26,50,0.52,14.3,2,0,none
2025-07-19,Pediatrics,5,7,33,70,0.471,13.0,3,0,none
2025-07-19,Radiology,5,7,17,40,0.425,14.9,2,0,none
2025-07-20,Emergency,6,7,41,100,0.41,16.6,5,0,none
2025-07-20,OPD - General Medicine,6,7,92,150,0.613,12.9,5,0,none
2025-07-20,Cardiology,6,7,24,60,0.4,13.2,2,0,none
2025-07-20,Orthopedics,6,7,18,50,0.36,13.1,2,0,none
2025-07-20,Pediatrics,6,7,34,70,0.486,14.6,3,0,none
2025-07-20,Radiology,6,7,18,40,0.45,14.3,2,0,none
2025-07-21,Emergency,0,7,78,100,0.78,25.9,4,0,none
2025-07-21,OPD - General Medicine,0,7,123,150,0.82,29.2,6,0,none
2025-07-21,Cardiology,0,7,50,60,0.833,33.9,2,0,none
2025-07-21,Orthopedics,0,7,40,50,0.8,24.7,2,0,none
2025-07-21,Pediatrics,0,7,56,70,0.8,25.8,3,0,none
2025-07-21,Radiology,0,7,29,40,0.725,16.4,1,0,none
2025-07-22,Emergency,1,7,54,100,0.54,15.8,3,0,none
2025-07-22,OPD - General Medicine,1,7,117,150,0.78,27.2,6,0,none
2025-07-22,Cardiology,1,7,32,60,0.533,16.3,2,0,none
2025-07-22,Orthopedics,1,7,27,50,0.54,16.6,1,0,none
2025-07-22,Pediatrics,1,7,44,70,0.629,13.3,2,0,none
2025-07-22,Radiology,1,7,22,40,0.55,14.2,1,0,none
2025-07-23,Emergency,2,7,48,100,0.48,16.0,4,0,none
2025-07-23,OPD - General Medicine,2,7,89,150,0.593,16.4,7,0,none
2025-07-23,Cardiology,2,7,43,60,0.717,16.0,2,0,none
2025-07-23,Orthopedics,2,7,21,50,0.42,13.9,2,0,none
2025-07-23,Pediatrics,2,7,46,70,0.657,17.0,3,0,none
2025-07-23,Radiology,2,7,19,40,0.475,17.1,1,0,none
2025-07-24,Emergency,3,7,59,100,0.59,16.8,4,0,none
2025-07-24,OPD - General Medicine,3,7,125,150,0.833,26.9,7,0,none
2025-07-24,Cardiology,3,7,36,60,0.6,16.1,2,0,none
2025-07-24,Orthopedics,3,7,28,50,0.56,16.3,2,0,none
2025-07-24,Pediatrics,3,7,40,70,0.571,14.2,2,0,none
2025-07-24,Radiology,3,7,23,40,0.575,16.0,1,0,none
2025-07-25,Emergency,4,7,49,100,0.49,16.9,4,0,none
2025-07-25,OPD - General Medicine,4,7,125,150,0.833,31.6,6,0,none
2025-07-25,Cardiology,4,7,32,60,0.533,14.7,2,0,none
2025-07-25,Orthopedics,4,7,30,50,0.6,16.7,2,0,none
2025-07-25,Pediatrics,4,7,37,70,0.529,14.0,2,0,none
2025-07-25,Radiology,4,7,24,40,0.6,16.1,1,0,none
2025-07-26,Emergency,5,7,41,100,0.41,14.6,4,0,none
2025-07-26,OPD - General Medicine,5,7,101,150,0.673,14.7,7,0,none
2025-07-26,Cardiology,5,7,28,60,0.467,13.0,2,0,none
2025-07-26,Orthopedics,5,7,24,50,0.48,15.8,1,0,none
2025-07-26,Pediatrics,5,7,31,70,0.443,17.0,3,0,none
2025-07-26,Radiology,5,7,21,40,0.525,15.3,1,0,none
2025-07-27,Emergency,6,7,35,100,0.35,15.2,5,0,none
2025-07-27,OPD - General Medicine,6,7,112,150,0.747,19.2,6,0,none
2025-07-27,Cardiology,6,7,27,60,0.45,14.6,2,0,none
2025-07-27,Orthopedics,6,7,21,50,0.42,13.3,2,0,none
2025-07-27,Pediatrics,6,7,29,70,0.414,16.3,2,0,none
2025-07-27,Radiology,6,7,18,40,0.45,13.3,1,0,none
2025-07-28,Emergency,0,7,58,100,0.58,16.4,4,0,none
2025-07-28,OPD - General Medicine,0,7,116,150,0.773,25.2,7,0,none
2025-07-28,Cardiology,0,7,43,60,0.717,16.2,2,0,none
2025-07-28,Orthopedics,0,7,31,50,0.62,17.2,2,0,none
2025-07-28,Pediatrics,0,7,49,70,0.7,16.3,2,0,none
2025-07-28,Radiology,0,7,26,40,0.65,13.9,1,0,none
2025-07-29,Emergency,1,7,49,100,0.49,12.8,5,0,none
2025-07-29,OPD - General Medicine,1,7,121,150,0.807,24.9,5,0,none
2025-07-29,Cardiology,1,7,38,60,0.633,17.0,2,0,none
2025-07-29,Orthopedics,1,7,25,50,0.5,16.2,1,0,none
2025-07-29,Pediatrics,1,7,41,70,0.586,14.6,3,0,none
2025-07-29,Radiology,1,7,21,40,0.525,13.2,1,0,none
2025-07-30,Emergency,2,7,41,100,0.41,17.2,5,0,none
2025-07-30,OPD - General Medicine,2,7,110,150,0.733,21.4,6,0,none
2025-07-30,Cardiology,2,7,33,60,0.55,13.0,2,0,none
2025-07-30,Orthopedics,2,7,28,50,0.56,13.8,1,0,none
2025-07-30,Pediatrics,2,7,48,70,0.686,14.9,3,0,none
2025-07-30,Radiology,2,7,19,40,0.475,17.0,2,0,none
2025-07-31,Emergency,3,7,57,100,0.57,16.5,5,0,none
2025-07-31,OPD - General Medicine,3,7,113,150,0.753,19.9,6,0,none
2025-07-31,Cardiology,3,7,30,60,0.5,12.9,3,0,none
2025-07-31,Orthopedics,3,7,23,50,0.46,15.0,1,0,none
2025-07-31,Pediatrics,3,7,31,70,0.443,15.7,3,0,none
2025-07-31,Radiology,3,7,23,40,0.575,13.5,2,0,none
2025-08-01,Emergency,4,8,64,100,0.64,13.7,5,0,none
2025-08-01,OPD - General Medicine,4,8,107,150,0.713,17.3,6,0,none
2025-08-01,Cardiology,4,8,37,60,0.617,14.4,3,0,none
2025-08-01,Orthopedics,4,8,27,50,0.54,13.6,1,0,none
2025-08-01,Pediatrics,4,8,29,70,0.414,12.9,3,0,none
2025-08-01,Radiology,4,8,23,40,0.575,16.2,1,0,none
2025-08-02,Emergency,5,8,41,100,0.41,16.6,4,0,none
2025-08-02,OPD - General Medicine,5,8,77,150,0.513,13.5,7,0,none
2025-08-02,Cardiology,5,8,23,60,0.383,14.5,2,0,none
2025-08-02,Orthopedics,5,8,25,50,0.5,15.1,2,0,none
2025-08-02,Pediatrics,5,8,30,70,0.429,14.7,3,0,none
2025-08-02,Radiology,5,8,18,40,0.45,12.9,1,0,none
2025-08-03,Emergency,6,8,44,100,0.44,13.6,3,0,none
2025-08-03,OPD - General Medicine,6,8,84,150,0.56,13.1,6,0,none
2025-08-03,Cardiology,6,8,28,60,0.467,15.3,2,0,none
2025-08-03,Orthopedics,6,8,19,50,0.38,16.8,2,0,none
2025-08-03,Pediatrics,6,8,39,70,0.557,14.0,3,0,none
2025-08-03,Radiology,6,8,20,40,0.5,13.6,1,0,none
2025-08-04,Emergency,0,8,57,100,0.57,16.1,5,0,none
2025-08-04,OPD - General Medicine,0,8,141,150,0.94,39.5,6,0,none
2025-08-04,Cardiology,0,8,43,60,0.717,19.1,3,0,none
2025-08-04,Orthopedics,0,8,31,50,0.62,15.9,1,0,none
2025-08-04,Pediatrics,0,8,41,70,0.586,14.2,3,0,none
2025-08-04,Radiology,0,8,24,40,0.6,14.3,1,0,none
2025-08-05,Emergency,1,8,52,100,0.52,15.6,5,0,none
2025-08-05,OPD - General Medicine,1,8,102,150,0.68,16.5,7,0,none
2025-08-05,Cardiology,1,8,34,60,0.567,14.7,2,0,none
2025-08-05,Orthopedics,1,8,27,50,0.54,15.3,2,0,none
2025-08-05,Pediatrics,1,8,34,70,0.486,16.5,2,0,none
2025-08-05,Radiology,1,8,24,40,0.6,15.3,1,0,none
2025-08-06,Emergency,2,8,57,100,0.57,14.3,4,0,none
2025-08-06,OPD - General Medicine,2,8,94,150,0.627,15.1,6,0,none
2025-08-06,Cardiology,2,8,38,60,0.633,16.7,3,0,none
2025-08-06,Orthopedics,2,8,29,50,0.58,14.7,2,0,none
2025-08-06,Pediatrics,2,8,44,70,0.629,13.7,2,1,low
2025-08-06,Radiology,2,8,20,40,0.5,13.0,2,0,none
2025-08-07,Emergency,3,8,58,100,0.58,16.8,5,0,none
2025-08-07,OPD - General Medicine,3,8,105,150,0.7,16.6,7,0,none
2025-08-07,Cardiology,3,8,28,60,0.467,14.2,2,0,none
2025-08-07,Orthopedics,3,8,26,50,0.52,13.4,1,0,none
2025-08-07,Pediatrics,3,8,40,70,0.571,13.1,3,0,none
2025-08-07,Radiology,3,8,24,40,0.6,16.2,1,0,none
2025-08-08,Emergency,4,8,43,100,0.43,14.7,4,0,none
2025-08-08,OPD - General Medicine,4,8,104,150,0.693,17.2,7,0,none
2025-08-08,Cardiology,4,8,40,60,0.667,14.7,2,0,none
2025-08-08,Orthopedics,4,8,24,50,0.48,14.6,2,0,none
2025-08-08,Pediatrics,4,8,40,70,0.571,16.1,3,0,none
2025-08-08,Radiology,4,8,27,40,0.675,13.0,1,0,none
2025-08-09,Emergency,5,8,44,100,0.44,14.2,4,0,none
2025-08-09,OPD - General Medicine,5,8,74,150,0.493,13.7,8,0,none
2025-08-09,Cardiology,5,8,32,60,0.533,14.2,2,1,high
2025-08-09,Orthopedics,5,8,22,50,0.44,16.8,1,0,none
2025-08-09,Pediatrics,5,8,28,70,0.4,16.3,3,0,none
2025-08-09,Radiology,5,8,17,40,0.425,14.0,1,0,none
2025-08-10,Emergency,6,8,41,100,0.41,15.1,5,0,none
2025-08-10,OPD - General Medicine,6,8,76,150,0.507,15.6,6,0,none
2025-08-10,Cardiology,6,8,30,60,0.5,16.3,3,0,none
2025-08-10,Orthopedics,6,8,17,50,0.34,12.9,2,0,none
2025-08-10,Pediatrics,6,8,28,70,0.4,16.5,2,0,none
2025-08-10,Radiology,6,8,17,40,0.425,13.8,1,0,none
2025-08-11,Emergency,0,8,67,100,0.67,15.4,4,0,none
2025-08-11,OPD - General Medicine,0,8,116,150,0.773,27.1,6,0,none
2025-08-11,Cardiology,0,8,44,60,0.733,17.4,2,0,none
2025-08-11,Orthopedics,0,8,28,50,0.56,15.5,2,0,none
2025-08-11,Pediatrics,0,8,51,70,0.729,18.5,2,0,none
2025-08-11,Radiology,0,8,30,40,0.75,23.6,1,0,none
2025-08-12,Emergency,1,8,63,100,0.63,13.0,4,0,none
2025-08-12,OPD - General Medicine,1,8,95,150,0.633,14.7,6,0,none
2025-08-12,Cardiology,1,8,34,60,0.567,13.2,3,0,none
2025-08-12,Orthopedics,1,8,27,50,0.54,16.3,2,1,high
2025-08-12,Pediatrics,1,8,45,70,0.643,13.0,2,0,none
2025-08-12,Radiology,1,8,23,40,0.575,15.1,1,0,none
2025-08-13,Emergency,2,8,57,100,0.57,14.6,4,0,none
2025-08-13,OPD - General Medicine,2,8,114,150,0.76,25.2,6,0,none
2025-08-13,Cardiology,2,8,29,60,0.483,14.2,2,0,none
2025-08-13,Orthopedics,2,8,27,50,0.54,13.0,2,0,none
2025-08-13,Pediatrics,2,8,39,70,0.557,16.3,3,0,none
2025-08-13,Radiology,2,8,21,40,0.525,16.3,2,0,none
2025-08-14,Emergency,3,8,50,100,0.5,14.5,5,0,none
2025-08-14,OPD - General Medicine,3,8,104,150,0.693,15.8,5,0,none
2025-08-14,Cardiology,3,8,37,60,0.617,13.6,2,0,none
2025-08-14,Orthopedics,3,8,30,50,0.6,15.3,2,0,none
2025-08-14,Pediatrics,3,8,41,70,0.586,16.6,3,0,none
2025-08-14,Radiology,3,8,23,40,0.575,15.6,1,0,none
2025-08-15,Emergency,4,8,46,100,0.46,15.0,3,0,none
2025-08-15,OPD - General Medicine,4,8,99,150,0.66,13.7,5,0,none
2025-08-15,Cardiology,4,8,38,60,0.633,15.9,3,0,none
2025-08-15,Orthopedics,4,8,32,50,0.64,14.5,2,0,none
2025-08-15,Pediatrics,4,8,38,70,0.543,13.5,2,0,none
2025-08-15,Radiology,4,8,26,40,0.65,16.3,2,0,none
2025-08-16,Emergency,5,8,43,100,0.43,17.0,4,0,none
2025-08-16,OPD - General Medicine,5,8,76,150,0.507,15.5,7,0,none
2025-08-16,Cardiology,5,8,23,60,0.383,16.6,2,0,none
2025-08-16,Orthopedics,5,8,20,50,0.4,13.7,2,0,none
2025-08-16,Pediatrics,5,8,34,70,0.486,14.5,3,0,none
2025-08-16,Radiology,5,8,11,40,0.275,13.3,1,0,none
2025-08-17,Emergency,6,8,38,100,0.38,15.9,4,0,none
2025-08-17,OPD - General Medicine,6,8,91,150,0.607,14.0,5,0,none
2025-08-17,Cardiology,6,8,22,60,0.367,15.4,2,0,none
2025-08-17,Orthopedics,6,8,17,50,0.34,16.1,1,0,none
2025-08-17,Pediatrics,6,8,29,70,0.414,17.1,2,0,none
2025-08-17,Radiology,6,8,16,40,0.4,13.8,1,0,none
2025-08-18,Emergency,0,8,64,100,0.64,14.8,4,0,none
2025-08-18,OPD - General Medicine,0,8,134,150,0.893,36.7,6,0,none
2025-08-18,Cardiology,0,8,38,60,0.633,14.6,2,0,none
2025-08-18,Orthopedics,0,8,37,50,0.74,22.7,2,0,none
2025-08-18,Pediatrics,0,8,44,70,0.629,14.0,3,0,none
2025-08-18,Radiology,0,8,25,40,0.625,16.5,1,0,none
2025-08-19,Emergency,1,8,62,100,0.62,14.8,4,0,none
2025-08-19,OPD - General Medicine,1,8,100,150,0.667,16.0,7,0,none
2025-08-19,Cardiology,1,8,40,60,0.667,17.2,2,0,none
2025-08-19,Orthopedics,1,8,29,50,0.58,13.2,2,0,none
2025-08-19,Pediatrics,1,8,43,70,0.614,14.4,3,0,none
2025-08-19,Radiology,1,8,20,40,0.5,15.0,1,0,none
2025-08-20,Emergency,2,8,51,100,0.51,17.2,4,0,none
2025-08-20,OPD - General Medicine,2,8,124,150,0.827,31.7,6,0,none
2025-08-20,Cardiology,2,8,38,60,0.633,13.8,2,0,none
2025-08-20,Orthopedics,2,8,20,50,0.4,15.4,1,0,none
2025-08-20,Pediatrics,2,8,43,70,0.614,14.7,2,0,none
2025-08-20,Radiology,2,8,26,40,0.65,14.6,1,0,none
2025-08-21,Emergency,3,8,41,100,0.41,15.5,4,0,none
2025-08-21,OPD - General Medicine,3,8,116,150,0.773,22.9,6,0,none
2025-08-21,Cardiology,3,8,34,60,0.567,13.2,2,0,none
2025-08-21,Orthopedics,3,8,31,50,0.62,15.9,2,0,none
2025-08-21,Pediatrics,3,8,38,70,0.543,13.3,3,0,none
2025-08-21,Radiology,3,8,22,40,0.55,16.7,2,0,none
2025-08-22,Emergency,4,8,62,100,0.62,15.6,3,0,none
2025-08-22,OPD - General Medicine,4,8,101,150,0.673,12.9,6,0,none
2025-08-22,Cardiology,4,8,41,60,0.683,16.9,2,0,none
2025-08-22,Orthopedics,4,8,23,50,0.46,15.8,2,0,none
2025-08-22,Pediatrics,4,8,46,70,0.657,17.2,3,0,none
2025-08-22,Radiology,4,8,25,40,0.625,15.0,2,0,none
2025-08-23,Emergency,5,8,43,100,0.43,13.4,3,0,none
2025-08-23,OPD - General Medicine,5,8,93,150,0.62,16.9,6,0,none
2025-08-23,Cardiology,5,8,32,60,0.533,13.1,2,0,none
2025-08-23,Orthopedics,5,8,22,50,0.44,13.3,2,0,none
2025-08-23,Pediatrics,5,8,29,70,0.414,16.6,3,0,none
2025-08-23,Radiology,5,8,14,40,0.35,14.3,1,0,none
2025-08-24,Emergency,6,8,37,100,0.37,16.8,4,0,none
2025-08-24,OPD - General Medicine,6,8,61,150,0.407,15.7,7,0,none
2025-08-24,Cardiology,6,8,28,60,0.467,14.2,2,0,none
2025-08-24,Orthopedics,6,8,22,50,0.44,13.3,2,0,none
2025-08-24,Pediatrics,6,8,28,70,0.4,13.4,2,0,none
2025-08-24,Radiology,6,8,18,40,0.45,16.1,1,0,none
2025-08-25,Emergency,0,8,58,100,0.58,13.6,5,0,none
2025-08-25,OPD - General Medicine,0,8,108,150,0.72,17.2,6,0,none
2025-08-25,Cardiology,0,8,47,60,0.783,26.3,2,0,none
2025-08-25,Orthopedics,0,8,34,50,0.68,14.6,2,0,none
2025-08-25,Pediatrics,0,8,46,70,0.657,13.7,2,0,none
2025-08-25,Radiology,0,8,24,40,0.6,15.7,2,0,none
2025-08-26,Emergency,1,8,54,100,0.54,13.5,4,0,none
2025-08-26,OPD - General Medicine,1,8,108,150,0.72,15.1,6,0,none
2025-08-26,Cardiology,1,8,38,60,0.633,14.6,2,0,none
2025-08-26,Orthopedics,1,8,24,50,0.48,15.9,2,0,none
2025-08-26,Pediatrics,1,8,39,70,0.557,14.6,2,0,none
2025-08-26,Radiology,1,8,19,40,0.475,17.2,1,0,none
2025-08-27,Emergency,2,8,57,100,0.57,14.9,4,0,none
2025-08-27,OPD - General Medicine,2,8,124,150,0.827,28.5,6,0,none
2025-08-27,Cardiology,2,8,30,60,0.5,16.5,2,0,none
2025-08-27,Orthopedics,2,8,30,50,0.6,12.8,2,0,none
2025-08-27,Pediatrics,2,8,35,70,0.5,14.5,2,0,none
2025-08-27,Radiology,2,8,24,40,0.6,15.7,1,0,none
2025-08-28,Emergency,3,8,50,100,0.5,13.7,5,0,none
2025-08-28,OPD - General Medicine,3,8,102,150,0.68,16.6,6,0,none
2025-08-28,Cardiology,3,8,33,60,0.55,13.0,2,0,none
2025-08-28,Orthopedics,3,8,27,50,0.54,14.9,2,0,none
2025-08-28,Pediatrics,3,8,36,70,0.514,15.4,3,0,none
2025-08-28,Radiology,3,8,25,40,0.625,15.8,2,0,none
2025-08-29,Emergency,4,8,60,100,0.6,16.0,5,0,none
2025-08-29,OPD - General Medicine,4,8,100,150,0.667,13.4,7,0,none
2025-08-29,Cardiology,4,8,38,60,0.633,14.6,2,0,none
2025-08-29,Orthopedics,4,8,29,50,0.58,13.8,2,0,none
2025-08-29,Pediatrics,4,8,43,70,0.614,13.4,3,0,none
2025-08-29,Radiology,4,8,19,40,0.475,13.2,2,0,none
2025-08-30,Emergency,5,8,44,100,0.44,12.9,5,0,none
2025-08-30,OPD - General Medicine,5,8,98,150,0.653,14.8,8,0,none
2025-08-30,Cardiology,5,8,25,60,0.417,15.1,2,0,none
2025-08-30,Orthopedics,5,8,21,50,0.42,16.7,1,0,none
2025-08-30,Pediatrics,5,8,29,70,0.414,13.3,3,0,none
2025-08-30,Radiology,5,8,15,40,0.375,15.0,1,0,none
2025-08-31,Emergency,6,8,45,100,0.45,14.7,4,0,none
2025-08-31,OPD - General Medicine,6,8,91,150,0.607,14.2,7,0,none
2025-08-31,Cardiology,6,8,27,60,0.45,16.5,2,0,none
2025-08-31,Orthopedics,6,8,15,50,0.3,16.4,2,0,none
2025-08-31,Pediatrics,6,8,30,70,0.429,15.4,3,0,none
2025-08-31,Radiology,6,8,18,40,0.45,14.5,1,0,none
2025-09-01,Emergency,0,9,58,100,0.58,16.3,4,0,none
2025-09-01,OPD - General Medicine,0,9,139,150,0.927,40.9,6,0,none
2025-09-01,Cardiology,0,9,45,60,0.75,19.1,3,0,none
2025-09-01,Orthopedics,0,9,40,50,0.8,27.0,2,0,none
2025-09-01,Pediatrics,0,9,49,70,0.7,16.8,2,0,none
2025-09-01,Radiology,0,9,37,40,0.925,47.1,2,0,none
2025-09-02,Emergency,1,9,64,100,0.64,16.1,3,0,none
2025-09-02,OPD - General Medicine,1,9,128,150,0.853,32.4,7,0,none
2025-09-02,Cardiology,1,9,41,60,0.683,17.2,2,0,none
2025-09-02,Orthopedics,1,9,30,50,0.6,15.1,2,0,none
2025-09-02,Pediatrics,1,9,45,70,0.643,14.1,2,0,none
2025-09-02,Radiology,1,9,23,40,0.575,16.2,1,0,none
2025-09-03,Emergency,2,9,53,100,0.53,13.9,5,0,none
2025-09-03,OPD - General Medicine,2,9,98,150,0.653,17.0,5,0,none
2025-09-03,Cardiology,2,9,44,60,0.733,17.9,2,0,none
2025-09-03,Orthopedics,2,9,33,50,0.66,14.6,2,0,none
2025-09-03,Pediatrics,2,9,51,70,0.729,18.0,3,0,none
2025-09-03,Radiology,2,9,24,40,0.6,15.3,1,0,none
2025-09-04,Emergency,3,9,46,100,0.46,14.6,4,0,none
2025-09-04,OPD - General Medicine,3,9,148,150,0.987,52.7,6,0,none
2025-09-04,Cardiology,3,9,44,60,0.733,21.8,2,0,none
2025-09-04,Orthopedics,3,9,33,50,0.66,14.8,2,0,none
2025-09-04,Pediatrics,3,9,45,70,0.643,13.8,2,0,none
2025-09-04,Radiology,3,9,24,40,0.6,16.8,2,0,none
2025-09-05,Emergency,4,9,53,100,0.53,14.4,4,0,none
2025-09-05,OPD - General Medicine,4,9,114,150,0.76,21.4,5,0,none
2025-09-05,Cardiology,4,9,41,60,0.683,16.3,2,0,none
2025-09-05,Orthopedics,4,9,28,50,0.56,15.8,2,0,none
2025-09-05,Pediatrics,4,9,35,70,0.5,14.8,3,0,none
2025-09-05,Radiology,4,9,28,40,0.7,15.5,1,0,none
2025-09-06,Emergency,5,9,54,100,0.54,13.3,5,0,none
2025-09-06,OPD - General Medicine,5,9,94,150,0.627,13.9,6,0,none
2025-09-06,Cardiology,5,9,28,60,0.467,14.1,3,0,none
2025-09-06,Orthopedics,5,9,20,50,0.4,16.9,2,0,none
2025-09-06,Pediatrics,5,9,44,70,0.629,15.8,3,0,none
2025-09-06,Radiology,5,9,18,40,0.45,16.3,2,0,none
2025-09-07,Emergency,6,9,44,100,0.44,14.7,5,0,none
2025-09-07,OPD - General Medicine,6,9,95,150,0.633,15.9,7,0,none
2025-09-07,Cardiology,6,9,32,60,0.533,16.7,2,0,none
2025-09-07,Orthopedics,6,9,25,50,0.5,14.3,2,0,none
2025-09-07,Pediatrics,6,9,36,70,0.514,16.0,2,0,none
2025-09-07,Radiology,6,9,15,40,0.375,14.0,1,0,none
2025-09-08,Emergency,0,9,75,100,0.75,18.5,4,0,none
2025-09-08,OPD - General Medicine,0,9,139,150,0.927,35.9,6,0,none
2025-09-08,Cardiology,0,9,46,60,0.767,20.4,2,0,none
2025-09-08,Orthopedics,0,9,33,50,0.66,15.0,1,0,none
2025-09-08,Pediatrics,0,9,57,70,0.814,31.2,2,0,none
2025-09-08,Radiology,0,9,38,40,0.95,44.4,1,0,none
2025-09-09,Emergency,1,9,59,100,0.59,13.5,3,0,none
2025-09-09,OPD - General Medicine,1,9,133,150,0.887,41.9,6,0,none
2025-09-09,Cardiology,1,9,37,60,0.617,14.3,2,0,none
2025-09-09,Orthopedics,1,9,32,50,0.64,14.6,1,0,none
2025-09-09,Pediatrics,1,9,48,70,0.686,14.3,2,0,none
2025-09-09,Radiology,1,9,23,40,0.575,14.9,2,0,none
2025-09-10,Emergency,2,9,53,100,0.53,15.7,5,0,none
2025-09-10,OPD - General Medicine,2,9,102,150,0.68,15.9,6,0,none
2025-09-10,Cardiology,2,9,42,60,0.7,15.5,2,0,none
2025-09-10,Orthopedics,2,9,27,50,0.54,16.3,2,0,none
2025-09-10,Pediatrics,2,9,44,70,0.629,17.0,3,0,none
2025-09-10,Radiology,2,9,27,40,0.675,13.5,1,0,none
2025-09-11,Emergency,3,9,65,100,0.65,16.0,4,0,none
2025-09-11,OPD - General Medicine,3,9,117,150,0.78,27.4,5,0,none
2025-09-11,Cardiology,3,9,41,60,0.683,13.6,2,0,none
2025-09-11,Orthopedics,3,9,33,50,0.66,13.8,1,0,none
2025-09-11,Pediatrics,3,9,54,70,0.771,22.3,3,0,none
2025-09-11,Radiology,3,9,27,40,0.675,16.2,1,0,none
2025-09-12,Emergency,4,9,59,100,0.59,13.4,4,0,none
2025-09-12,OPD - General Medicine,4,9,126,150,0.84,32.6,5,0,none
2025-09-12,Cardiology,4,9,34,60,0.567,14.3,2,0,none
2025-09-12,Orthopedics,4,9,26,50,0.52,15.7,2,0,none
2025-09-12,Pediatrics,4,9,40,70,0.571,13.5,3,0,none
2025-09-12,Radiology,4,9,27,40,0.675,15.8,2,0,none
2025-09-13,Emergency,5,9,41,100,0.41,13.3,4,0,none
2025-09-13,OPD - General Medicine,5,9,76,150,0.507,13.3,7,0,none
2025-09-13,Cardiology,5,9,20,60,0.333,17.0,2,0,none
2025-09-13,Orthopedics,5,9,21,50,0.42,14.6,1,0,none
2025-09-13,Pediatrics,5,9,30,70,0.429,12.8,2,0,none
2025-09-13,Radiology,5,9,19,40,0.475,16.9,2,0,none
2025-09-14,Emergency,6,9,44,100,0.44,13.6,4,0,none
2025-09-14,OPD - General Medicine,6,9,103,150,0.687,13.1,6,0,none
2025-09-14,Cardiology,6,9,32,60,0.533,14.8,2,0,none
2025-09-14,Orthopedics,6,9,22,50,0.44,17.2,2,0,none
2025-09-14,Pediatrics,6,9,39,70,0.557,15.1,3,0,none
2025-09-14,Radiology,6,9,20,40,0.5,13.4,1,0,none
2025-09-15,Emergency,0,9,59,100,0.59,17.1,4,0,none
2025-09-15,OPD - General Medicine,0,9,195,150,1.3,93.9,7,0,none
2025-09-15,Cardiology,0,9,49,60,0.817,26.8,2,0,none
2025-09-15,Orthopedics,0,9,43,50,0.86,30.9,1,0,none
2025-09-15,Pediatrics,0,9,44,70,0.629,14.2,3,0,none
2025-09-15,Radiology,0,9,26,40,0.65,17.2,1,0,none
2025-09-16,Emergency,1,9,63,100,0.63,14.8,4,0,none
2025-09-16,OPD - General Medicine,1,9,139,150,0.927,36.0,6,0,none
2025-09-16,Cardiology,1,9,42,60,0.7,14.2,2,0,none
2025-09-16,Orthopedics,1,9,31,50,0.62,15.0,1,0,none
2025-09-16,Pediatrics,1,9,49,70,0.7,16.9,3,0,none
2025-09-16,Radiology,1,9,18,40,0.45,15.7,2,0,none
2025-09-17,Emergency,2,9,72,100,0.72,18.7,3,0,none
2025-09-17,OPD - General Medicine,2,9,125,150,0.833,28.2,5,0,none
2025-09-17,Cardiology,2,9,37,60,0.617,16.3,2,0,none
2025-09-17,Orthopedics,2,9,36,50,0.72,17.5,2,0,none
2025-09-17,Pediatrics,2,9,60,70,0.857,35.7,3,0,none
2025-09-17,Radiology,2,9,25,40,0.625,14.7,1,0,none
2025-09-18,Emergency,3,9,63,100,0.63,13.8,3,0,none
2025-09-18,OPD - General Medicine,3,9,135,150,0.9,35.7,6,0,none
2025-09-18,Cardiology,3,9,45,60,0.75,20.0,2,0,none
2025-09-18,Orthopedics,3,9,29,50,0.58,14.5,2,0,none
2025-09-18,Pediatrics,3,9,40,70,0.571,13.3,3,0,none
2025-09-18,Radiology,3,9,27,40,0.675,13.3,1,0,none
2025-09-19,Emergency,4,9,48,100,0.48,13.9,4,0,none
2025-09-19,OPD - General Medicine,4,9,114,150,0.76,18.9,5,0,none
2025-09-19,Cardiology,4,9,54,60,0.9,37.5,2,1,high
2025-09-19,Orthopedics,4,9,26,50,0.52,13.1,2,0,none
2025-09-19,Pediatrics,4,9,48,70,0.686,14.3,2,0,none
2025-09-19,Radiology,4,9,20,40,0.5,16.8,2,0,none
2025-09-20,Emergency,5,9,45,100,0.45,13.6,5,0,none
2025-09-20,OPD - General Medicine,5,9,82,150,0.547,16.3,6,0,none
2025-09-20,Cardiology,5,9,39,60,0.65,13.2,2,0,none
2025-09-20,Orthopedics,5,9,23,50,0.46,16.7,2,0,none
2025-09-20,Pediatrics,5,9,32,70,0.457,13.7,2,0,none
2025-09-20,Radiology,5,9,18,40,0.45,15.2,1,0,none
2025-09-21,Emergency,6,9,41,100,0.41,15.2,4,0,none
2025-09-21,OPD - General Medicine,6,9,78,150,0.52,14.4,6,0,none
2025-09-21,Cardiology,6,9,29,60,0.483,14.6,2,0,none
2025-09-21,Orthopedics,6,9,27,50,0.54,15.7,1,0,none
2025-09-21,Pediatrics,6,9,34,70,0.486,16.0,3,0,none
2025-09-21,Radiology,6,9,18,40,0.45,16.1,1,0,none
2025-09-22,Emergency,0,9,78,100,0.78,24.5,4,0,none
2025-09-22,OPD - General Medicine,0,9,146,150,0.973,48.4,7,0,none
2025-09-22,Cardiology,0,9,51,60,0.85,33.9,2,0,none
2025-09-22,Orthopedics,0,9,39,50,0.78,28.2,2,0,none
2025-09-22,Pediatrics,0,9,50,70,0.714,14.6,3,0,none
2025-09-22,Radiology,0,9,30,40,0.75,18.0,2,0,none
2025-09-23,Emergency,1,9,57,100,0.57,14.7,5,0,none
2025-09-23,OPD - General Medicine,1,9,116,150,0.773,24.6,5,0,none
2025-09-23,Cardiology,1,9,37,60,0.617,13.7,2,0,none
2025-09-23,Orthopedics,1,9,31,50,0.62,16.0,2,0,none
2025-09-23,Pediatrics,1,9,45,70,0.643,16.2,3,0,none
2025-09-23,Radiology,1,9,27,40,0.675,15.5,2,0,none
2025-09-24,Emergency,2,9,60,100,0.6,15.1,4,0,none
2025-09-24,OPD - General Medicine,2,9,112,150,0.747,22.6,5,0,none
2025-09-24,Cardiology,2,9,38,60,0.633,15.3,2,0,none
2025-09-24,Orthopedics,2,9,33,50,0.66,15.6,2,0,none
2025-09-24,Pediatrics,2,9,50,70,0.714,18.6,2,0,none
2025-09-24,Radiology,2,9,27,40,0.675,17.1,1,0,none
2025-09-25,Emergency,3,9,75,100,0.75,20.5,4,0,none
2025-09-25,OPD - General Medicine,3,9,104,150,0.693,13.6,6,0,none
2025-09-25,Cardiology,3,9,48,60,0.8,30.1,2,0,none
2025-09-25,Orthopedics,3,9,28,50,0.56,12.8,2,0,none
2025-09-25,Pediatrics,3,9,54,70,0.771,25.8,3,0,none
2025-09-25,Radiology,3,9,23,40,0.575,13.4,2,0,none
2025-09-26,Emergency,4,9,62,100,0.62,13.0,5,0,none
2025-09-26,OPD - General Medicine,4,9,138,150,0.92,39.7,6,0,none
2025-09-26,Cardiology,4,9,35,60,0.583,17.0,3,0,none
2025-09-26,Orthopedics,4,9,33,50,0.66,15.9,2,0,none
2025-09-26,Pediatrics,4,9,55,70,0.786,22.9,3,0,none
2025-09-26,Radiology,4,9,29,40,0.725,15.9,2,0,none
2025-09-27,Emergency,5,9,47,100,0.47,13.0,4,0,none
2025-09-27,OPD - General Medicine,5,9,89,150,0.593,15.0,8,0,none
2025-09-27,Cardiology,5,9,32,60,0.533,14.0,2,0,none
2025-09-27,Orthopedics,5,9,24,50,0.48,16.8,2,0,none
2025-09-27,Pediatrics,5,9,29,70,0.414,15.8,3,0,none
2025-09-27,Radiology,5,9,20,40,0.5,17.2,1,0,none
2025-09-28,Emergency,6,9,45,100,0.45,13.9,4,0,none
2025-09-28,OPD - General Medicine,6,9,77,150,0.513,17.0,6,0,none
2025-09-28,Cardiology,6,9,37,60,0.617,15.0,2,0,none
2025-09-28,Orthopedics,6,9,24,50,0.48,13.9,2,0,none
2025-09-28,Pediatrics,6,9,29,70,0.414,16.5,2,0,none
2025-09-28,Radiology,6,9,21,40,0.525,16.5,1,0,none
2025-09-29,Emergency,0,9,69,100,0.69,14.5,3,0,none
2025-09-29,OPD - General Medicine,0,9,163,150,1.087,55.6,7,0,none
2025-09-29,Cardiology,0,9,47,60,0.783,23.2,2,0,none
2025-09-29,Orthopedics,0,9,45,50,0.9,40.9,2,0,none
2025-09-29,Pediatrics,0,9,48,70,0.686,13.3,2,0,none
2025-09-29,Radiology,0,9,37,40,0.925,40.1,1,0,none
2025-09-30,Emergency,1,9,90,100,0.9,39.2,5,1,high
2025-09-30,OPD - General Medicine,1,9,128,150,0.853,35.9,6,0,none
2025-09-30,Cardiology,1,9,37,60,0.617,13.6,2,0,none
2025-09-30,Orthopedics,1,9,26,50,0.52,15.2,2,0,none
2025-09-30,Pediatrics,1,9,47,70,0.671,16.3,3,0,none
2025-09-30,Radiology,1,9,26,40,0.65,16.8,1,0,none
2025-10-01,Emergency,2,10,62,100,0.62,12.8,4,0,none
2025-10-01,OPD - General Medicine,2,10,123,150,0.82,28.8,6,0,none
2025-10-01,Cardiology,2,10,36,60,0.6,14.7,3,0,none
2025-10-01,Orthopedics,2,10,34,50,0.68,16.5,1,0,none
2025-10-01,Pediatrics,2,10,42,70,0.6,15.9,3,0,none
2025-10-01,Radiology,2,10,29,40,0.725,15.8,1,0,none
2025-10-02,Emergency,3,10,64,100,0.64,14.4,3,0,none
2025-10-02,OPD - General Medicine,3,10,132,150,0.88,41.2,6,0,none
2025-10-02,Cardiology,3,10,36,60,0.6,13.9,3,0,none
2025-10-02,Orthopedics,3,10,40,50,0.8,24.8,2,0,none
2025-10-02,Pediatrics,3,10,45,70,0.643,13.9,2,0,none
2025-10-02,Radiology,3,10,26,40,0.65,14.4,1,0,none
2025-10-03,Emergency,4,10,66,100,0.66,15.7,5,0,none
2025-10-03,OPD - General Medicine,4,10,112,150,0.747,23.4,6,0,none
2025-10-03,Cardiology,4,10,41,60,0.683,17.2,3,0,none
2025-10-03,Orthopedics,4,10,33,50,0.66,13.6,2,0,none
2025-10-03,Pediatrics,4,10,42,70,0.6,13.5,3,0,none
2025-10-03,Radiology,4,10,30,40,0.75,19.8,2,0,none
2025-10-04,Emergency,5,10,46,100,0.46,13.5,4,0,none
2025-10-04,OPD - General Medicine,5,10,93,150,0.62,14.8,6,0,none
2025-10-04,Cardiology,5,10,36,60,0.6,14.8,2,0,none
2025-10-04,Orthopedics,5,10,24,50,0.48,15.6,2,0,none
2025-10-04,Pediatrics,5,10,29,70,0.414,15.2,3,0,none
2025-10-04,Radiology,5,10,20,40,0.5,15.6,2,0,none
2025-10-05,Emergency,6,10,43,100,0.43,16.1,3,0,none
2025-10-05,OPD - General Medicine,6,10,81,150,0.54,16.3,7,0,none
2025-10-05,Cardiology,6,10,30,60,0.5,14.6,2,0,none
2025-10-05,Orthopedics,6,10,27,50,0.54,14.7,1,0,none
2025-10-05,Pediatrics,6,10,34,70,0.486,14.4,2,0,none
2025-10-05,Radiology,6,10,21,40,0.525,12.9,2,0,none
2025-10-06,Emergency,0,10,74,100,0.74,22.0,4,0,none
2025-10-06,OPD - General Medicine,0,10,152,150,1.013,56.5,6,0,none
2025-10-06,Cardiology,0,10,38,60,0.633,14.0,2,0,none
2025-10-06,Orthopedics,0,10,35,50,0.7,16.3,2,0,none
2025-10-06,Pediatrics,0,10,53,70,0.757,21.4,2,0,none
2025-10-06,Radiology,0,10,29,40,0.725,19.6,1,0,none
2025-10-07,Emergency,1,10,58,100,0.58,15.8,5,0,none
2025-10-07,OPD - General Medicine,1,10,111,150,0.74,22.8,6,0,none
2025-10-07,Cardiology,1,10,36,60,0.6,16.7,2,0,none
2025-10-07,Orthopedics,1,10,26,50,0.52,13.6,2,0,none
2025-10-07,Pediatrics,1,10,43,70,0.614,16.5,3,0,none
2025-10-07,Radiology,1,10,21,40,0.525,14.0,1,0,none
2025-10-08,Emergency,2,10,56,100,0.56,15.7,4,0,none
2025-10-08,OPD - General Medicine,2,10,127,150,0.847,32.2,6,0,none
2025-10-08,Cardiology,2,10,30,60,0.5,17.1,2,0,none
2025-10-08,Orthopedics,2,10,24,50,0.48,15.6,2,0,none
2025-10-08,Pediatrics,2,10,45,70,0.643,13.9,2,0,none
2025-10-08,Radiology,2,10,27,40,0.675,16.6,1,0,none
2025-10-09,Emergency,3,10,55,100,0.55,15.7,4,0,none
2025-10-09,OPD - General Medicine,3,10,99,150,0.66,13.5,5,0,none
2025-10-09,Cardiology,3,10,75,60,1.25,82.6,3,1,critical
2025-10-09,Orthopedics,3,10,29,50,0.58,15.3,2,0,none
2025-10-09,Pediatrics,3,10,51,70,0.729,20.1,3,0,none
2025-10-09,Radiology,3,10,27,40,0.675,12.9,1,0,none
2025-10-10,Emergency,4,10,60,100,0.6,13.6,5,0,none
2025-10-10,OPD - General Medicine,4,10,137,150,0.913,42.8,6,0,none
2025-10-10,Cardiology,4,10,31,60,0.517,16.5,2,0,none
2025-10-10,Orthopedics,4,10,33,50,0.66,16.2,2,0,none
2025-10-10,Pediatrics,4,10,35,70,0.5,14.3,3,0,none
2025-10-10,Radiology,4,10,24,40,0.6,13.3,2,0,none
2025-10-11,Emergency,5,10,52,100,0.52,14.5,4,0,none
2025-10-11,OPD - General Medicine,5,10,95,150,0.633,13.0,6,0,none
2025-10-11,Cardiology,5,10,27,60,0.45,14.2,2,0,none
2025-10-11,Orthopedics,5,10,27,50,0.54,13.6,2,0,none
2025-10-11,Pediatrics,5,10,36,70,0.514,13.9,2,1,high
2025-10-11,Radiology,5,10,19,40,0.475,15.2,1,0,none
2025-10-12,Emergency,6,10,42,100,0.42,14.8,5,0,none
2025-10-12,OPD - General Medicine,6,10,87,150,0.58,16.2,6,0,none
2025-10-12,Cardiology,6,10,27,60,0.45,13.7,2,0,none
2025-10-12,Orthopedics,6,10,22,50,0.44,14.7,2,0,none
2025-10-12,Pediatrics,6,10,43,70,0.614,15.8,2,0,none
2025-10-12,Radiology,6,10,16,40,0.4,16.8,1,0,none
2025-10-13,Emergency,0,10,85,100,0.85,36.2,5,0,none
2025-10-13,OPD - General Medicine,0,10,154,150,1.027,46.7,7,0,none
2025-10-13,Cardiology,0,10,43,60,0.717,16.5,2,0,none
2025-10-13,Orthopedics,0,10,31,50,0.62,16.6,2,0,none
2025-10-13,Pediatrics,0,10,54,70,0.771,26.1,3,0,none
2025-10-13,Radiology,0,10,30,40,0.75,18.5,2,0,none
2025-10-14,Emergency,1,10,63,100,0.63,16.3,4,0,none
2025-10-14,OPD - General Medicine,1,10,127,150,0.847,35.2,7,0,none
2025-10-14,Cardiology,1,10,46,60,0.767,23.0,3,0,none
2025-10-14,Orthopedics,1,10,34,50,0.68,16.9,2,0,none
2025-10-14,Pediatrics,1,10,42,70,0.6,16.2,3,0,none
2025-10-14,Radiology,1,10,24,40,0.6,15.8,1,0,none
2025-10-15,Emergency,2,10,58,100,0.58,16.0,4,0,none
2025-10-15,OPD - General Medicine,2,10,96,150,0.64,15.5,7,0,none
2025-10-15,Cardiology,2,10,42,60,0.7,14.0,2,0,none
2025-10-15,Orthopedics,2,10,23,50,0.46,15.8,2,0,none
2025-10-15,Pediatrics,2,10,43,70,0.614,16.7,2,0,none
2025-10-15,Radiology,2,10,28,40,0.7,15.3,1,0,none
2025-10-16,Emergency,3,10,65,100,0.65,15.5,4,0,none
2025-10-16,OPD - General Medicine,3,10,114,150,0.76,21.3,6,0,none
2025-10-16,Cardiology,3,10,45,60,0.75,18.5,3,0,none
2025-10-16,Orthopedics,3,10,31,50,0.62,15.6,2,0,none
2025-10-16,Pediatrics,3,10,53,70,0.757,24.5,3,0,none
2025-10-16,Radiology,3,10,20,40,0.5,13.8,2,0,none
2025-10-17,Emergency,4,10,74,100,0.74,18.0,4,0,none
2025-10-17,OPD - General Medicine,4,10,110,150,0.733,17.0,8,0,none
2025-10-17,Cardiology,4,10,34,60,0.567,14.5,2,0,none
2025-10-17,Orthopedics,4,10,29,50,0.58,12.8,1,0,none
2025-10-17,Pediatrics,4,10,58,70,0.829,32.3,3,0,none
2025-10-17,Radiology,4,10,15,40,0.375,16.1,1,0,none
2025-10-18,Emergency,5,10,42,100,0.42,15.4,3,0,none
2025-10-18,OPD - General Medicine,5,10,89,150,0.593,16.4,8,0,none
2025-10-18,Cardiology,5,10,29,60,0.483,15.9,2,0,none
2025-10-18,Orthopedics,5,10,22,50,0.44,17.0,2,0,none
2025-10-18,Pediatrics,5,10,36,70,0.514,13.4,2,0,none
2025-10-18,Radiology,5,10,19,40,0.475,16.1,1,0,none
2025-10-19,Emergency,6,10,39,100,0.39,15.9,4,0,none
2025-10-19,OPD - General Medicine,6,10,91,150,0.607,16.6,8,0,none
2025-10-19,Cardiology,6,10,31,60,0.517,15.3,2,0,none
2025-10-19,Orthopedics,6,10,23,50,0.46,15.4,1,0,none
2025-10-19,Pediatrics,6,10,38,70,0.543,15.6,3,0,none
2025-10-19,Radiology,6,10,15,40,0.375,13.3,2,0,none
2025-10-20,Emergency,0,10,81,100,0.81,24.8,5,0,none
2025-10-20,OPD - General Medicine,0,10,147,150,0.98,55.5,6,0,none
2025-10-20,Cardiology,0,10,51,60,0.85,30.2,2,0,none
2025-10-20,Orthopedics,0,10,33,50,0.66,13.0,2,0,none
2025-10-20,Pediatrics,0,10,44,70,0.629,16.6,2,0,none
2025-10-20,Radiology,0,10,29,40,0.725,19.5,1,0,none
2025-10-21,Emergency,1,10,62,100,0.62,15.1,4,0,none
2025-10-21,OPD - General Medicine,1,10,116,150,0.773,21.6,7,0,none
2025-10-21,Cardiology,1,10,41,60,0.683,14.3,2,0,none
2025-10-21,Orthopedics,1,10,31,50,0.62,13.2,1,0,none
2025-10-21,Pediatrics,1,10,40,70,0.571,16.2,2,0,none
2025-10-21,Radiology,1,10,27,40,0.675,14.8,2,0,none
2025-10-22,Emergency,2,10,58,100,0.58,16.3,4,0,none
2025-10-22,OPD - General Medicine,2,10,116,150,0.773,21.7,6,0,none
2025-10-22,Cardiology,2,10,39,60,0.65,13.1,2,0,none
2025-10-22,Orthopedics,2,10,27,50,0.54,16.6,2,0,none
2025-10-22,Pediatrics,2,10,37,70,0.529,15.4,3,0,none
2025-10-22,Radiology,2,10,27,40,0.675,15.4,1,0,none
2025-10-23,Emergency,3,10,69,100,0.69,15.3,3,0,none
2025-10-23,OPD - General Medicine,3,10,106,150,0.707,16.9,7,0,none
2025-10-23,Cardiology,3,10,38,60,0.633,16.5,2,0,none
2025-10-23,Orthopedics,3,10,27,50,0.54,15.0,2,0,none
2025-10-23,Pediatrics,3,10,28,70,0.4,13.6,3,0,none
2025-10-23,Radiology,3,10,27,40,0.675,15.0,2,0,none
2025-10-24,Emergency,4,10,63,100,0.63,13.0,4,0,none
2025-10-24,OPD - General Medicine,4,10,170,150,1.133,64.3,6,0,none
2025-10-24,Cardiology,4,10,41,60,0.683,16.4,2,0,none
2025-10-24,Orthopedics,4,10,27,50,0.54,14.2,2,0,none
2025-10-24,Pediatrics,4,10,35,70,0.5,15.7,2,0,none
2025-10-24,Radiology,4,10,26,40,0.65,12.9,1,0,none
2025-10-25,Emergency,5,10,41,100,0.41,16.1,3,0,none
2025-10-25,OPD - General Medicine,5,10,96,150,0.64,16.8,5,0,none
2025-10-25,Cardiology,5,10,31,60,0.517,16.3,2,0,none
2025-10-25,Orthopedics,5,10,22,50,0.44,15.5,2,0,none
2025-10-25,Pediatrics,5,10,41,70,0.586,17.0,3,0,none
2025-10-25,Radiology,5,10,21,40,0.525,15.9,1,0,none
2025-10-26,Emergency,6,10,43,100,0.43,13.1,5,0,none
2025-10-26,OPD - General Medicine,6,10,93,150,0.62,14.6,6,0,none
2025-10-26,Cardiology,6,10,29,60,0.483,16.2,3,0,none
2025-10-26,Orthopedics,6,10,21,50,0.42,15.3,2,0,none
2025-10-26,Pediatrics,6,10,42,70,0.6,15.5,3,0,none
2025-10-26,Radiology,6,10,15,40,0.375,16.1,1,0,none
2025-10-27,Emergency,0,10,71,100,0.71,18.1,3,0,none
2025-10-27,OPD - General Medicine,0,10,118,150,0.787,23.4,7,0,none
2025-10-27,Cardiology,0,10,44,60,0.733,20.8,2,0,none
2025-10-27,Orthopedics,0,10,28,50,0.56,13.9,2,0,none
2025-10-27,Pediatrics,0,10,56,70,0.8,26.3,2,0,none
2025-10-27,Radiology,0,10,36,40,0.9,40.6,1,0,none
2025-10-28,Emergency,1,10,62,100,0.62,13.0,5,0,none
2025-10-28,OPD - General Medicine,1,10,138,150,0.92,36.4,5,0,none
2025-10-28,Cardiology,1,10,42,60,0.7,13.9,2,0,none
2025-10-28,Orthopedics,1,10,30,50,0.6,16.4,2,0,none
2025-10-28,Pediatrics,1,10,55,70,0.786,25.2,3,0,none
2025-10-28,Radiology,1,10,29,40,0.725,17.4,1,0,none
2025-10-29,Emergency,2,10,58,100,0.58,14.5,5,0,none
2025-10-29,OPD - General Medicine,2,10,154,150,1.027,50.6,7,0,none
2025-10-29,Cardiology,2,10,34,60,0.567,15.1,2,0,none
2025-10-29,Orthopedics,2,10,31,50,0.62,13.5,2,0,none
2025-10-29,Pediatrics,2,10,43,70,0.614,15.4,3,0,none
2025-10-29,Radiology,2,10,24,40,0.6,13.6,1,0,none
2025-10-30,Emergency,3,10,67,100,0.67,17.0,4,0,none
2025-10-30,OPD - General Medicine,3,10,116,150,0.773,25.1,6,0,none
2025-10-30,Cardiology,3,10,38,60,0.633,13.3,3,0,none
2025-10-30,Orthopedics,3,10,33,50,0.66,16.9,1,0,none
2025-10-30,Pediatrics,3,10,45,70,0.643,14.5,2,0,none
2025-10-30,Radiology,3,10,26,40,0.65,14.6,1,0,none
2025-10-31,Emergency,4,10,53,100,0.53,16.4,4,0,none
2025-10-31,OPD - General Medicine,4,10,123,150,0.82,29.8,7,0,none
2025-10-31,Cardiology,4,10,41,60,0.683,16.2,3,0,none
2025-10-31,Orthopedics,4,10,24,50,0.48,15.7,2,0,none
2025-10-31,Pediatrics,4,10,51,70,0.729,20.5,2,0,none
2025-10-31,Radiology,4,10,23,40,0.575,13.9,1,0,none
2025-11-01,Emergency,5,11,52,100,0.52,14.9,3,0,none
2025-11-01,OPD - General Medicine,5,11,84,150,0.56,13.5,7,0,none
2025-11-01,Cardiology,5,11,32,60,0.533,15.1,2,0,none
2025-11-01,Orthopedics,5,11,19,50,0.38,14.0,2,0,none
2025-11-01,Pediatrics,5,11,31,70,0.443,16.6,3,0,none
2025-11-01,Radiology,5,11,18,40,0.45,15.8,1,0,none
2025-11-02,Emergency,6,11,47,100,0.47,16.5,5,0,none
2025-11-02,OPD - General Medicine,6,11,87,150,0.58,15.1,8,0,none
2025-11-02,Cardiology,6,11,38,60,0.633,13.8,2,0,none
2025-11-02,Orthopedics,6,11,27,50,0.54,14.7,2,0,none
2025-11-02,Pediatrics,6,11,28,70,0.4,13.8,2,0,none
2025-11-02,Radiology,6,11,19,40,0.475,13.1,1,0,none
2025-11-03,Emergency,0,11,61,100,0.61,12.8,5,0,none
2025-11-03,OPD - General Medicine,0,11,137,150,0.913,43.9,5,0,none
2025-11-03,Cardiology,0,11,43,60,0.717,19.1,2,0,none
2025-11-03,Orthopedics,0,11,27,50,0.54,15.4,2,0,none
2025-11-03,Pediatrics,0,11,39,70,0.557,13.8,3,0,none
2025-11-03,Radiology,0,11,25,40,0.625,15.2,2,0,none
2025-11-04,Emergency,1,11,61,100,0.61,14.1,4,0,none
2025-11-04,OPD - General Medicine,1,11,92,150,0.613,13.6,6,0,none
2025-11-04,Cardiology,1,11,45,60,0.75,19.2,2,0,none
2025-11-04,Orthopedics,1,11,38,50,0.76,25.0,1,0,none
2025-11-04,Pediatrics,1,11,42,70,0.6,13.9,3,0,none
2025-11-04,Radiology,1,11,27,40,0.675,14.6,2,0,none
2025-11-05,Emergency,2,11,79,100,0.79,29.0,4,0,none
2025-11-05,OPD - General Medicine,2,11,124,150,0.827,29.7,7,0,none
2025-11-05,Cardiology,2,11,46,60,0.767,23.7,2,0,none
2025-11-05,Orthopedics,2,11,31,50,0.62,13.6,2,0,none
2025-11-05,Pediatrics,2,11,42,70,0.6,14.3,2,0,none
2025-11-05,Radiology,2,11,25,40,0.625,14.8,1,0,none
2025-11-06,Emergency,3,11,68,100,0.68,16.4,3,0,none
2025-11-06,OPD - General Medicine,3,11,122,150,0.813,32.9,7,0,none
2025-11-06,Cardiology,3,11,43,60,0.717,15.8,2,0,none
2025-11-06,Orthopedics,3,11,33,50,0.66,14.7,2,0,none
2025-11-06,Pediatrics,3,11,48,70,0.686,13.8,2,0,none
2025-11-06,Radiology,3,11,24,40,0.6,16.0,1,0,none
2025-11-07,Emergency,4,11,50,100,0.5,12.9,4,0,none
2025-11-07,OPD - General Medicine,4,11,122,150,0.813,27.5,6,0,none
2025-11-07,Cardiology,4,11,40,60,0.667,12.9,3,0,none
2025-11-07,Orthopedics,4,11,27,50,0.54,14.6,1,0,none
2025-11-07,Pediatrics,4,11,41,70,0.586,14.7,2,0,none
2025-11-07,Radiology,4,11,18,40,0.45,12.9,1,0,none
2025-11-08,Emergency,5,11,49,100,0.49,17.0,5,0,none
2025-11-08,OPD - General Medicine,5,11,74,150,0.493,14.5,6,0,none
2025-11-08,Cardiology,5,11,30,60,0.5,17.2,2,0,none
2025-11-08,Orthopedics,5,11,20,50,0.4,14.8,2,0,none
2025-11-08,Pediatrics,5,11,38,70,0.543,15.5,2,0,none
2025-11-08,Radiology,5,11,16,40,0.4,15.1,2,0,none
2025-11-09,Emergency,6,11,43,100,0.43,16.4,4,0,none
2025-11-09,OPD - General Medicine,6,11,96,150,0.64,16.6,8,0,none
2025-11-09,Cardiology,6,11,34,60,0.567,15.7,2,0,none
2025-11-09,Orthopedics,6,11,20,50,0.4,13.0,2,0,none
2025-11-09,Pediatrics,6,11,37,70,0.529,14.3,2,0,none
2025-11-09,Radiology,6,11,16,40,0.4,13.3,1,0,none
2025-11-10,Emergency,0,11,72,100,0.72,17.4,5,0,none
2025-11-10,OPD - General Medicine,0,11,147,150,0.98,53.4,5,0,none
2025-11-10,Cardiology,0,11,51,60,0.85,35.3,3,0,none
2025-11-10,Orthopedics,0,11,37,50,0.74,17.0,2,0,none
2025-11-10,Pediatrics,0,11,52,70,0.743,21.1,3,0,none
2025-11-10,Radiology,0,11,29,40,0.725,16.5,1,0,none
2025-11-11,Emergency,1,11,58,100,0.58,13.9,4,0,none
2025-11-11,OPD - General Medicine,1,11,138,150,0.92,46.4,5,0,none
2025-11-11,Cardiology,1,11,44,60,0.733,19.5,2,0,none
2025-11-11,Orthopedics,1,11,30,50,0.6,13.6,1,0,none
2025-11-11,Pediatrics,1,11,46,70,0.657,13.2,2,0,none
2025-11-11,Radiology,1,11,24,40,0.6,15.7,1,0,none
2025-11-12,Emergency,2,11,68,100,0.68,17.0,5,0,none
2025-11-12,OPD - General Medicine,2,11,102,150,0.68,17.2,6,0,none
2025-11-12,Cardiology,2,11,45,60,0.75,20.5,3,0,none
2025-11-12,Orthopedics,2,11,34,50,0.68,12.9,1,0,none
2025-11-12,Pediatrics,2,11,33,70,0.471,15.3,2,0,none
2025-11-12,Radiology,2,11,28,40,0.7,14.9,1,0,none
2025-11-13,Emergency,3,11,75,100,0.75,23.7,5,0,none
2025-11-13,OPD - General Medicine,3,11,115,150,0.767,20.0,6,0,none
2025-11-13,Cardiology,3,11,38,60,0.633,17.1,2,0,none
2025-11-13,Orthopedics,3,11,27,50,0.54,13.8,2,0,none
2025-11-13,Pediatrics,3,11,51,70,0.729,16.0,2,0,none
2025-11-13,Radiology,3,11,23,40,0.575,13.2,2,0,none
2025-11-14,Emergency,4,11,55,100,0.55,16.7,4,0,none
2025-11-14,OPD - General Medicine,4,11,107,150,0.713,14.5,7,0,none
2025-11-14,Cardiology,4,11,39,60,0.65,13.2,3,0,none
2025-11-14,Orthopedics,4,11,32,50,0.64,15.3,2,0,none
2025-11-14,Pediatrics,4,11,44,70,0.629,13.9,3,0,none
2025-11-14,Radiology,4,11,28,40,0.7,16.0,1,0,none
2025-11-15,Emergency,5,11,39,100,0.39,13.2,5,0,none
2025-11-15,OPD - General Medicine,5,11,88,150,0.587,17.2,7,0,none
2025-11-15,Cardiology,5,11,33,60,0.55,15.6,2,0,none
2025-11-15,Orthopedics,5,11,23,50,0.46,14.3,1,0,none
2025-11-15,Pediatrics,5,11,30,70,0.429,16.7,3,0,none
2025-11-15,Radiology,5,11,20,40,0.5,15.8,1,0,none
2025-11-16,Emergency,6,11,43,100,0.43,14.2,5,0,none
2025-11-16,OPD - General Medicine,6,11,65,150,0.433,16.8,6,0,none
2025-11-16,Cardiology,6,11,34,60,0.567,13.7,2,0,none
2025-11-16,Orthopedics,6,11,26,50,0.52,13.1,2,0,none
2025-11-16,Pediatrics,6,11,46,70,0.657,14.6,3,0,none
2025-11-16,Radiology,6,11,20,40,0.5,16.0,1,0,none
2025-11-17,Emergency,0,11,68,100,0.68,12.9,3,0,none
2025-11-17,OPD - General Medicine,0,11,123,150,0.82,29.1,5,0,none
2025-11-17,Cardiology,0,11,37,60,0.617,12.9,3,0,none
2025-11-17,Orthopedics,0,11,31,50,0.62,16.1,2,0,none
2025-11-17,Pediatrics,0,11,43,70,0.614,17.1,2,0,none
2025-11-17,Radiology,0,11,26,40,0.65,16.0,1,0,none
2025-11-18,Emergency,1,11,53,100,0.53,12.9,4,0,none
2025-11-18,OPD - General Medicine,1,11,125,150,0.833,32.4,6,0,none
2025-11-18,Cardiology,1,11,46,60,0.767,21.5,2,0,none
2025-11-18,Orthopedics,1,11,37,50,0.74,21.0,2,0,none
2025-11-18,Pediatrics,1,11,61,70,0.871,40.2,3,0,none
2025-11-18,Radiology,1,11,23,40,0.575,15.9,1,0,none
2025-11-19,Emergency,2,11,57,100,0.57,13.5,4,0,none
2025-11-19,OPD - General Medicine,2,11,121,150,0.807,25.4,5,0,none
2025-11-19,Cardiology,2,11,36,60,0.6,13.1,2,0,none
2025-11-19,Orthopedics,2,11,30,50,0.6,15.3,1,0,none
2025-11-19,Pediatrics,2,11,41,70,0.586,14.6,2,0,none
2025-11-19,Radiology,2,11,25,40,0.625,14.6,1,0,none
2025-11-20,Emergency,3,11,71,100,0.71,18.5,5,0,none
2025-11-20,OPD - General Medicine,3,11,133,150,0.887,38.4,8,0,none
2025-11-20,Cardiology,3,11,38,60,0.633,15.3,3,0,none
2025-11-20,Orthopedics,3,11,35,50,0.7,14.2,1,0,none
2025-11-20,Pediatrics,3,11,39,70,0.557,17.1,2,0,none
2025-11-20,Radiology,3,11,28,40,0.7,14.2,1,0,none
2025-11-21,Emergency,4,11,70,100,0.7,13.9,3,0,none
2025-11-21,OPD - General Medicine,4,11,120,150,0.8,24.6,7,0,none
2025-11-21,Cardiology,4,11,45,60,0.75,22.1,2,0,none
2025-11-21,Orthopedics,4,11,30,50,0.6,17.2,2,0,none
2025-11-21,Pediatrics,4,11,50,70,0.714,17.5,3,0,none
2025-11-21,Radiology,4,11,27,40,0.675,15.9,1,0,none
2025-11-22,Emergency,5,11,55,100,0.55,12.8,4,0,none
2025-11-22,OPD - General Medicine,5,11,68,150,0.453,14.0,7,0,none
2025-11-22,Cardiology,5,11,28,60,0.467,15.1,2,0,none
2025-11-22,Orthopedics,5,11,23,50,0.46,14.9,2,0,none
2025-11-22,Pediatrics,5,11,34,70,0.486,13.2,3,0,none
2025-11-22,Radiology,5,11,19,40,0.475,15.9,1,0,none
2025-11-23,Emergency,6,11,53,100,0.53,15.1,4,0,none
2025-11-23,OPD - General Medicine,6,11,86,150,0.573,13.1,7,0,none
2025-11-23,Cardiology,6,11,27,60,0.45,13.4,3,0,none
2025-11-23,Orthopedics,6,11,24,50,0.48,15.2,2,0,none
2025-11-23,Pediatrics,6,11,34,70,0.486,16.8,2,0,none
2025-11-23,Radiology,6,11,19,40,0.475,13.9,1,0,none
2025-11-24,Emergency,0,11,70,100,0.7,13.3,5,0,none
2025-11-24,OPD - General Medicine,0,11,142,150,0.947,38.9,7,0,none
2025-11-24,Cardiology,0,11,45,60,0.75,19.2,3,0,none
2025-11-24,Orthopedics,0,11,36,50,0.72,20.0,1,0,none
2025-11-24,Pediatrics,0,11,55,70,0.786,23.2,3,0,none
2025-11-24,Radiology,0,11,26,40,0.65,16.1,1,0,none
2025-11-25,Emergency,1,11,63,100,0.63,13.6,4,0,none
2025-11-25,OPD - General Medicine,1,11,142,150,0.947,42.4,7,0,none
2025-11-25,Cardiology,1,11,51,60,0.85,36.7,2,0,none
2025-11-25,Orthopedics,1,11,30,50,0.6,14.7,2,0,none
2025-11-25,Pediatrics,1,11,41,70,0.586,14.7,3,0,none
2025-11-25,Radiology,1,11,25,40,0.625,12.8,1,0,none
2025-11-26,Emergency,2,11,53,100,0.53,17.0,3,0,none
2025-11-26,OPD - General Medicine,2,11,132,150,0.88,33.3,5,0,none
2025-11-26,Cardiology,2,11,55,60,0.917,39.1,3,0,none
2025-11-26,Orthopedics,2,11,33,50,0.66,16.4,2,0,none
2025-11-26,Pediatrics,2,11,48,70,0.686,15.1,3,0,none
2025-11-26,Radiology,2,11,24,40,0.6,13.1,2,0,none
2025-11-27,Emergency,3,11,61,100,0.61,15.3,4,0,none
2025-11-27,OPD - General Medicine,3,11,146,150,0.973,40.8,6,0,none
2025-11-27,Cardiology,3,11,39,60,0.65,13.5,2,0,none
2025-11-27,Orthopedics,3,11,29,50,0.58,15.0,1,0,none
2025-11-27,Pediatrics,3,11,45,70,0.643,12.9,3,0,none
2025-11-27,Radiology,3,11,27,40,0.675,14.3,1,0,none
2025-11-28,Emergency,4,11,65,100,0.65,16.6,4,0,none
2025-11-28,OPD - General Medicine,4,11,116,150,0.773,24.8,7,0,none
2025-11-28,Cardiology,4,11,37,60,0.617,14.0,2,0,none
2025-11-28,Orthopedics,4,11,32,50,0.64,14.6,2,0,none
2025-11-28,Pediatrics,4,11,43,70,0.614,16.2,3,0,none
2025-11-28,Radiology,4,11,25,40,0.625,15.0,1,0,none
2025-11-29,Emergency,5,11,43,100,0.43,16.8,5,0,none
2025-11-29,OPD - General Medicine,5,11,74,150,0.493,13.6,7,0,none
2025-11-29,Cardiology,5,11,32,60,0.533,14.9,2,0,none
2025-11-29,Orthopedics,5,11,21,50,0.42,13.0,1,0,none
2025-11-29,Pediatrics,5,11,32,70,0.457,14.8,3,0,none
2025-11-29,Radiology,5,11,15,40,0.375,15.8,2,0,none
2025-11-30,Emergency,6,11,51,100,0.51,16.5,4,0,none
2025-11-30,OPD - General Medicine,6,11,86,150,0.573,13.9,6,0,none
2025-11-30,Cardiology,6,11,23,60,0.383,15.5,2,0,none
2025-11-30,Orthopedics,6,11,24,50,0.48,14.6,2,0,none
2025-11-30,Pediatrics,6,11,33,70,0.471,16.4,3,0,none
2025-11-30,Radiology,6,11,16,40,0.4,17.1,1,0,none
2025-12-01,Emergency,0,12,93,100,0.93,47.1,4,0,none
2025-12-01,OPD - General Medicine,0,12,206,150,1.3,76.8,6,0,none
2025-12-01,Cardiology,0,12,50,60,0.833,33.9,2,0,none
2025-12-01,Orthopedics,0,12,42,50,0.84,34.1,2,0,none
2025-12-01,Pediatrics,0,12,73,70,1.043,58.1,2,0,none
2025-12-01,Radiology,0,12,33,40,0.825,33.4,1,0,none
2025-12-02,Emergency,1,12,67,100,0.67,15.1,3,0,none
2025-12-02,OPD - General Medicine,1,12,156,150,1.04,59.6,5,0,none
2025-12-02,Cardiology,1,12,53,60,0.883,34.0,2,0,none
2025-12-02,Orthopedics,1,12,39,50,0.78,26.5,1,0,none
2025-12-02,Pediatrics,1,12,51,70,0.729,19.3,3,0,none
2025-12-02,Radiology,1,12,35,40,0.875,32.3,2,0,none
2025-12-03,Emergency,2,12,107,100,1.07,57.8,4,1,high
2025-12-03,OPD - General Medicine,2,12,176,150,1.173,66.1,6,0,none
2025-12-03,Cardiology,2,12,44,60,0.733,17.9,2,0,none
2025-12-03,Orthopedics,2,12,44,50,0.88,38.2,2,0,none
2025-12-03,Pediatrics,2,12,58,70,0.829,33.6,2,0,none
2025-12-03,Radiology,2,12,32,40,0.8,24.5,1,0,none
2025-12-04,Emergency,3,12,77,100,0.77,24.2,4,0,none
2025-12-04,OPD - General Medicine,3,12,142,150,0.947,38.6,7,0,none
2025-12-04,Cardiology,3,12,53,60,0.883,41.6,2,0,none
2025-12-04,Orthopedics,3,12,38,50,0.76,19.2,2,0,none
2025-12-04,Pediatrics,3,12,57,70,0.814,32.2,3,0,none
2025-12-04,Radiology,3,12,37,40,0.925,44.7,1,0,none
2025-12-05,Emergency,4,12,69,100,0.69,15.0,4,0,none
2025-12-05,OPD - General Medicine,4,12,123,150,0.82,27.0,8,0,none
2025-12-05,Cardiology,4,12,54,60,0.9,33.7,3,0,none
2025-12-05,Orthopedics,4,12,37,50,0.74,16.9,2,0,none
2025-12-05,Pediatrics,4,12,53,70,0.757,20.7,2,0,none
2025-12-05,Radiology,4,12,37,40,0.925,45.4,1,0,none
2025-12-06,Emergency,5,12,70,100,0.7,14.7,3,0,none
2025-12-06,OPD - General Medicine,5,12,124,150,0.827,30.6,5,0,none
2025-12-06,Cardiology,5,12,37,60,0.617,16.2,2,0,none
2025-12-06,Orthopedics,5,12,27,50,0.54,16.1,2,0,none
2025-12-06,Pediatrics,5,12,39,70,0.557,13.6,3,0,none
2025-12-06,Radiology,5,12,26,40,0.65,15.6,1,0,none
2025-12-07,Emergency,6,12,57,100,0.57,17.1,5,0,none
2025-12-07,OPD - General Medicine,6,12,115,150,0.767,25.9,7,0,none
2025-12-07,Cardiology,6,12,35,60,0.583,15.2,2,0,none
2025-12-07,Orthopedics,6,12,25,50,0.5,13.7,1,0,none
2025-12-07,Pediatrics,6,12,43,70,0.614,14.7,3,0,none
2025-12-07,Radiology,6,12,24,40,0.6,12.9,1,0,none
2025-12-08,Emergency,0,12,97,100,0.97,48.6,5,0,none
2025-12-08,OPD - General Medicine,0,12,208,150,1.3,90.9,7,0,none
2025-12-08,Cardiology,0,12,60,60,1.0,50.2,2,0,none
2025-12-08,Orthopedics,0,12,46,50,0.92,47.0,2,0,none
2025-12-08,Pediatrics,0,12,50,70,0.714,17.4,2,0,none
2025-12-08,Radiology,0,12,40,40,1.0,49.9,1,0,none
2025-12-09,Emergency,1,12,77,100,0.77,22.1,4,0,none
2025-12-09,OPD - General Medicine,1,12,154,150,1.027,54.9,6,0,none
2025-12-09,Cardiology,1,12,43,60,0.717,18.8,2,0,none
2025-12-09,Orthopedics,1,12,38,50,0.76,19.1,2,0,none
2025-12-09,Pediatrics,1,12,57,70,0.814,26.5,2,0,none
2025-12-09,Radiology,1,12,40,40,1.0,49.3,1,0,none
2025-12-10,Emergency,2,12,73,100,0.73,17.7,4,0,none
2025-12-10,OPD - General Medicine,2,12,154,150,1.027,50.1,7,0,none
2025-12-10,Cardiology,2,12,45,60,0.75,19.7,3,0,none
2025-12-10,Orthopedics,2,12,37,50,0.74,18.8,2,0,none
2025-12-10,Pediatrics,2,12,60,70,0.857,35.1,2,0,none
2025-12-10,Radiology,2,12,24,40,0.6,15.8,2,0,none
2025-12-11,Emergency,3,12,70,100,0.7,15.0,4,0,none
2025-12-11,OPD - General Medicine,3,12,169,150,1.127,65.5,5,0,none
2025-12-11,Cardiology,3,12,49,60,0.817,26.2,2,0,none
2025-12-11,Orthopedics,3,12,33,50,0.66,17.2,2,0,none
2025-12-11,Pediatrics,3,12,64,70,0.914,36.0,2,0,none
2025-12-11,Radiology,3,12,31,40,0.775,26.1,1,0,none
2025-12-12,Emergency,4,12,69,100,0.69,14.7,4,0,none
2025-12-12,OPD - General Medicine,4,12,170,150,1.133,59.0,6,0,none
2025-12-12,Cardiology,4,12,50,60,0.833,31.4,2,0,none
2025-12-12,Orthopedics,4,12,40,50,0.8,26.3,2,0,none
2025-12-12,Pediatrics,4,12,53,70,0.757,25.1,3,0,none
2025-12-12,Radiology,4,12,35,40,0.875,35.9,1,0,none
2025-12-13,Emergency,5,12,64,100,0.64,16.5,4,0,none
2025-12-13,OPD - General Medicine,5,12,127,150,0.847,31.9,6,0,none
2025-12-13,Cardiology,5,12,35,60,0.583,16.3,2,0,none
2025-12-13,Orthopedics,5,12,28,50,0.56,14.6,2,0,none
2025-12-13,Pediatrics,5,12,34,70,0.486,14.1,3,0,none
2025-12-13,Radiology,5,12,23,40,0.575,12.9,1,0,none
2025-12-14,Emergency,6,12,54,100,0.54,15.1,3,0,none
2025-12-14,OPD - General Medicine,6,12,121,150,0.807,31.5,6,1,medium
2025-12-14,Cardiology,6,12,47,60,0.783,23.7,2,0,none
2025-12-14,Orthopedics,6,12,28,50,0.56,14.8,2,0,none
2025-12-14,Pediatrics,6,12,53,70,0.757,23.8,2,0,none
2025-12-14,Radiology,6,12,24,40,0.6,14.0,1,0,none
2025-12-15,Emergency,0,12,111,100,1.11,60.0,3,0,none
2025-12-15,OPD - General Medicine,0,12,187,150,1.247,72.2,8,0,none
2025-12-15,Cardiology,0,12,57,60,0.95,45.4,2,1,low
2025-12-15,Orthopedics,0,12,42,50,0.84,29.7,1,0,none
2025-12-15,Pediatrics,0,12,73,70,1.043,63.1,3,0,none
2025-12-15,Radiology,0,12,45,40,1.125,63.6,2,0,none
2025-12-16,Emergency,1,12,86,100,0.86,35.7,4,0,none
2025-12-16,OPD - General Medicine,1,12,159,150,1.06,55.4,5,0,none
2025-12-16,Cardiology,1,12,47,60,0.783,27.6,3,0,none
2025-12-16,Orthopedics,1,12,33,50,0.66,13.9,2,0,none
2025-12-16,Pediatrics,1,12,50,70,0.714,17.6,3,0,none
2025-12-16,Radiology,1,12,33,40,0.825,33.6,1,0,none
2025-12-17,Emergency,2,12,74,100,0.74,22.0,4,0,none
2025-12-17,OPD - General Medicine,2,12,158,150,1.053,53.4,7,0,none
2025-12-17,Cardiology,2,12,48,60,0.8,24.7,2,0,none
2025-12-17,Orthopedics,2,12,43,50,0.86,35.7,1,0,none
2025-12-17,Pediatrics,2,12,47,70,0.671,14.7,2,0,none
2025-12-17,Radiology,2,12,36,40,0.9,38.5,1,0,none
2025-12-18,Emergency,3,12,76,100,0.76,21.5,4,0,none
2025-12-18,OPD - General Medicine,3,12,151,150,1.007,45.6,6,0,none
2025-12-18,Cardiology,3,12,47,60,0.783,28.3,2,0,none
2025-12-18,Orthopedics,3,12,28,50,0.56,16.3,1,0,none
2025-12-18,Pediatrics,3,12,57,70,0.814,30.4,3,0,none
2025-12-18,Radiology,3,12,32,40,0.8,28.4,1,0,none
2025-12-19,Emergency,4,12,78,100,0.78,24.5,5,0,none
2025-12-19,OPD - General Medicine,4,12,135,150,0.9,35.9,8,0,none
2025-12-19,Cardiology,4,12,50,60,0.833,32.8,2,0,none
2025-12-19,Orthopedics,4,12,35,50,0.7,16.6,2,0,none
2025-12-19,Pediatrics,4,12,55,70,0.786,22.3,3,0,none
2025-12-19,Radiology,4,12,34,40,0.85,31.2,1,0,none
2025-12-20,Emergency,5,12,65,100,0.65,13.0,4,0,none
2025-12-20,OPD - General Medicine,5,12,131,150,0.873,36.7,6,0,none
2025-12-20,Cardiology,5,12,28,60,0.467,16.6,2,0,none
2025-12-20,Orthopedics,5,12,32,50,0.64,16.7,1,0,none
2025-12-20,Pediatrics,5,12,41,70,0.586,12.8,2,0,none
2025-12-20,Radiology,5,12,22,40,0.55,13.1,1,0,none
2025-12-21,Emergency,6,12,55,100,0.55,16.0,4,0,none
2025-12-21,OPD - General Medicine,6,12,136,150,0.907,35.6,5,0,none
2025-12-21,Cardiology,6,12,34,60,0.567,15.0,2,0,none
2025-12-21,Orthopedics,6,12,26,50,0.52,13.0,2,0,none
2025-12-21,Pediatrics,6,12,42,70,0.6,15.1,3,0,none
2025-12-21,Radiology,6,12,21,40,0.525,15.1,2,0,none
2025-12-22,Emergency,0,12,86,100,0.86,34.9,5,0,none
2025-12-22,OPD - General Medicine,0,12,218,150,1.3,75.0,6,0,none
2025-12-22,Cardiology,0,12,66,60,1.1,60.7,2,0,none
2025-12-22,Orthopedics,0,12,50,50,1.0,55.9,1,0,none
2025-12-22,Pediatrics,0,12,69,70,0.986,56.5,3,0,none
2025-12-22,Radiology,0,12,38,40,0.95,42.3,2,0,none
2025-12-23,Emergency,1,12,79,100,0.79,29.2,3,0,none
2025-12-23,OPD - General Medicine,1,12,166,150,1.107,56.9,7,0,none
2025-12-23,Cardiology,1,12,48,60,0.8,29.0,3,0,none
2025-12-23,Orthopedics,1,12,39,50,0.78,27.1,2,0,none
2025-12-23,Pediatrics,1,12,56,70,0.8,25.6,2,0,none
2025-12-23,Radiology,1,12,32,40,0.8,27.3,1,0,none
2025-12-24,Emergency,2,12,61,100,0.61,16.5,3,0,none
2025-12-24,OPD - General Medicine,2,12,126,150,0.84,30.1,6,0,none
2025-12-24,Cardiology,2,12,48,60,0.8,29.8,2,0,none
2025-12-24,Orthopedics,2,12,42,50,0.84,30.6,2,0,none
2025-12-24,Pediatrics,2,12,47,70,0.671,13.6,3,0,none
2025-12-24,Radiology,2,12,29,40,0.725,15.8,1,0,none
2025-12-25,Emergency,3,12,77,100,0.77,20.6,5,0,none
2025-12-25,OPD - General Medicine,3,12,165,150,1.1,63.7,5,0,none
2025-12-25,Cardiology,3,12,51,60,0.85,34.1,2,0,none
2025-12-25,Orthopedics,3,12,34,50,0.68,15.8,2,0,none
2025-12-25,Pediatrics,3,12,47,70,0.671,16.2,3,0,none
2025-12-25,Radiology,3,12,28,40,0.7,14.0,1,0,none
2025-12-26,Emergency,4,12,61,100,0.61,16.0,4,0,none
2025-12-26,OPD - General Medicine,4,12,143,150,0.953,43.2,8,0,none
2025-12-26,Cardiology,4,12,54,60,0.9,36.6,3,0,none
2025-12-26,Orthopedics,4,12,39,50,0.78,22.0,2,0,none
2025-12-26,Pediatrics,4,12,61,70,0.871,33.0,3,0,none
2025-12-26,Radiology,4,12,32,40,0.8,23.1,1,0,none
2025-12-27,Emergency,5,12,54,100,0.54,14.0,4,0,none
2025-12-27,OPD - General Medicine,5,12,126,150,0.84,30.6,6,0,none
2025-12-27,Cardiology,5,12,39,60,0.65,16.5,2,0,none
2025-12-27,Orthopedics,5,12,30,50,0.6,16.1,2,0,none
2025-12-27,Pediatrics,5,12,43,70,0.614,14.6,2,0,none
2025-12-27,Radiology,5,12,21,40,0.525,13.4,1,0,none
2025-12-28,Emergency,6,12,47,100,0.47,14.1,4,0,none
2025-12-28,OPD - General Medicine,6,12,108,150,0.72,15.9,7,0,none
2025-12-28,Cardiology,6,12,36,60,0.6,12.9,2,0,none
2025-12-28,Orthopedics,6,12,28,50,0.56,15.5,2,0,none
2025-12-28,Pediatrics,6,12,47,70,0.671,14.3,3,0,none
2025-12-28,Radiology,6,12,27,40,0.675,17.1,1,0,none
2025-12-29,Emergency,0,12,84,100,0.84,30.3,3,0,none
2025-12-29,OPD - General Medicine,0,12,211,150,1.3,95.6,5,0,none
2025-12-29,Cardiology,0,12,65,60,1.083,68.9,3,0,none
2025-12-29,Orthopedics,0,12,39,50,0.78,25.7,2,0,none
2025-12-29,Pediatrics,0,12,64,70,0.914,40.5,3,1,medium
2025-12-29,Radiology,0,12,31,40,0.775,25.8,1,0,none
2025-12-30,Emergency,1,12,65,100,0.65,15.7,5,0,none
2025-12-30,OPD - General Medicine,1,12,129,150,0.86,29.3,7,0,none
2025-12-30,Cardiology,1,12,50,60,0.833,31.4,2,0,none
2025-12-30,Orthopedics,1,12,33,50,0.66,14.8,1,0,none
2025-12-30,Pediatrics,1,12,47,70,0.671,12.8,2,0,none
2025-12-30,Radiology,1,12,25,40,0.625,15.3,1,0,none
2025-12-31,Emergency,2,12,68,100,0.68,13.4,5,0,none
2025-12-31,OPD - General Medicine,2,12,151,150,1.007,52.7,7,0,none
2025-12-31,Cardiology,2,12,58,60,0.967,51.9,2,0,none
2025-12-31,Orthopedics,2,12,35,50,0.7,16.3,1,0,none
2025-12-31,Pediatrics,2,12,48,70,0.686,15.9,3,0,none
2025-12-31,Radiology,2,12,33,40,0.825,32.5,2,0,none
2026-01-01,Emergency,3,1,58,100,0.58,16.2,3,0,none
2026-01-01,OPD - General Medicine,3,1,162,150,1.08,53.5,6,0,none
2026-01-01,Cardiology,3,1,47,60,0.783,22.4,2,0,none
2026-01-01,Orthopedics,3,1,38,50,0.76,23.6,2,0,none
2026-01-01,Pediatrics,3,1,65,70,0.929,43.9,3,0,none
2026-01-01,Radiology,3,1,33,40,0.825,25.9,2,0,none
2026-01-02,Emergency,4,1,90,100,0.9,43.8,3,0,none
2026-01-02,OPD - General Medicine,4,1,129,150,0.86,37.4,6,0,none
2026-01-02,Cardiology,4,1,52,60,0.867,35.7,3,0,none
2026-01-02,Orthopedics,4,1,36,50,0.72,15.3,2,0,none
2026-01-02,Pediatrics,4,1,67,70,0.957,51.1,3,0,none
2026-01-02,Radiology,4,1,30,40,0.75,19.0,1,0,none
2026-01-03,Emergency,5,1,49,100,0.49,14.0,5,0,none
2026-01-03,OPD - General Medicine,5,1,88,150,0.587,12.8,6,0,none
2026-01-03,Cardiology,5,1,32,60,0.533,14.4,2,0,none
2026-01-03,Orthopedics,5,1,24,50,0.48,13.4,2,0,none
2026-01-03,Pediatrics,5,1,39,70,0.557,14.3,3,0,none
2026-01-03,Radiology,5,1,23,40,0.575,16.4,2,0,none
2026-01-04,Emergency,6,1,59,100,0.59,16.4,4,0,none
2026-01-04,OPD - General Medicine,6,1,101,150,0.673,14.6,7,0,none
2026-01-04,Cardiology,6,1,38,60,0.633,17.2,2,0,none
2026-01-04,Orthopedics,6,1,25,50,0.5,15.9,2,0,none
2026-01-04,Pediatrics,6,1,40,70,0.571,16.9,2,0,none
2026-01-04,Radiology,6,1,19,40,0.475,15.0,1,0,none
2026-01-05,Emergency,0,1,74,100,0.74,22.7,3,0,none
2026-01-05,OPD - General Medicine,0,1,237,150,1.3,97.7,6,0,none
2026-01-05,Cardiology,0,1,61,60,1.017,48.5,2,0,none
2026-01-05,Orthopedics,0,1,47,50,0.94,40.2,2,0,none
2026-01-05,Pediatrics,0,1,68,70,0.971,54.1,3,0,none
2026-01-05,Radiology,0,1,48,40,1.2,79.5,1,0,none
2026-01-06,Emergency,1,1,73,100,0.73,16.1,5,0,none
2026-01-06,OPD - General Medicine,1,1,126,150,0.84,27.6,6,0,none
2026-01-06,Cardiology,1,1,51,60,0.85,29.6,2,0,none
2026-01-06,Orthopedics,1,1,29,50,0.58,17.1,2,0,none
2026-01-06,Pediatrics,1,1,68,70,0.971,45.8,3,0,none
2026-01-06,Radiology,1,1,31,40,0.775,22.4,2,0,none
2026-01-07,Emergency,2,1,82,100,0.82,28.6,5,0,none
2026-01-07,OPD - General Medicine,2,1,136,150,0.907,36.2,7,0,none
2026-01-07,Cardiology,2,1,50,60,0.833,28.3,3,0,none
2026-01-07,Orthopedics,2,1,39,50,0.78,27.6,1,0,none
2026-01-07,Pediatrics,2,1,54,70,0.771,23.8,2,0,none
2026-01-07,Radiology,2,1,30,40,0.75,21.3,1,0,none
2026-01-08,Emergency,3,1,75,100,0.75,19.3,4,0,none
2026-01-08,OPD - General Medicine,3,1,145,150,0.967,44.8,7,0,none
2026-01-08,Cardiology,3,1,45,60,0.75,24.1,2,0,none
2026-01-08,Orthopedics,3,1,41,50,0.82,33.7,2,0,none
2026-01-08,Pediatrics,3,1,65,70,0.929,40.9,2,0,none
2026-01-08,Radiology,3,1,31,40,0.775,23.1,1,0,none
2026-01-09,Emergency,4,1,84,100,0.84,31.3,3,0,none
2026-01-09,OPD - General Medicine,4,1,140,150,0.933,48.0,6,0,none
2026-01-09,Cardiology,4,1,44,60,0.733,19.2,2,0,none
2026-01-09,Orthopedics,4,1,38,50,0.76,25.0,2,0,none
2026-01-09,Pediatrics,4,1,55,70,0.786,22.9,3,0,none
2026-01-09,Radiology,4,1,33,40,0.825,28.1,1,0,none
2026-01-10,Emergency,5,1,59,100,0.59,17.0,5,0,none
2026-01-10,OPD - General Medicine,5,1,93,150,0.62,15.8,5,0,none
2026-01-10,Cardiology,5,1,41,60,0.683,14.4,3,0,none
2026-01-10,Orthopedics,5,1,23,50,0.46,14.6,2,0,none
2026-01-10,Pediatrics,5,1,33,70,0.471,13.6,2,0,none
2026-01-10,Radiology,5,1,25,40,0.625,15.1,1,0,none
2026-01-11,Emergency,6,1,59,100,0.59,17.2,5,0,none
2026-01-11,OPD - General Medicine,6,1,127,150,0.847,35.8,6,0,none
2026-01-11,Cardiology,6,1,45,60,0.75,19.1,2,0,none
2026-01-11,Orthopedics,6,1,31,50,0.62,15.3,1,0,none
2026-01-11,Pediatrics,6,1,42,70,0.6,16.4,3,0,none
2026-01-11,Radiology,6,1,20,40,0.5,12.9,1,0,none
2026-01-12,Emergency,0,1,71,100,0.71,18.6,4,0,none
2026-01-12,OPD - General Medicine,0,1,180,150,1.2,74.1,6,0,none
2026-01-12,Cardiology,0,1,50,60,0.833,30.0,2,0,none
2026-01-12,Orthopedics,0,1,52,50,1.04,53.9,1,0,none
2026-01-12,Pediatrics,0,1,66,70,0.943,49.3,3,0,none
2026-01-12,Radiology,0,1,40,40,1.0,55.2,1,0,none
2026-01-13,Emergency,1,1,60,100,0.6,17.0,5,0,none
2026-01-13,OPD - General Medicine,1,1,188,150,1.253,88.4,7,0,none
2026-01-13,Cardiology,1,1,56,60,0.933,40.8,3,0,none
2026-01-13,Orthopedics,1,1,42,50,0.84,32.6,2,0,none
2026-01-13,Pediatrics,1,1,61,70,0.871,35.5,3,0,none
2026-01-13,Radiology,1,1,35,40,0.875,41.4,1,0,none
2026-01-14,Emergency,2,1,55,100,0.55,13.2,4,0,none
2026-01-14,OPD - General Medicine,2,1,178,150,1.187,75.3,5,0,none
2026-01-14,Cardiology,2,1,52,60,0.867,33.3,2,0,none
2026-01-14,Orthopedics,2,1,34,50,0.68,13.3,2,0,none
2026-01-14,Pediatrics,2,1,50,70,0.714,15.5,3,0,none
2026-01-14,Radiology,2,1,30,40,0.75,20.0,1,0,none
2026-01-15,Emergency,3,1,80,100,0.8,30.6,5,0,none
2026-01-15,OPD - General Medicine,3,1,129,150,0.86,38.4,5,0,none
2026-01-15,Cardiology,3,1,49,60,0.817,26.7,3,0,none
2026-01-15,Orthopedics,3,1,36,50,0.72,16.3,1,0,none
2026-01-15,Pediatrics,3,1,56,70,0.8,23.3,3,0,none
2026-01-15,Radiology,3,1,26,40,0.65,13.1,2,0,none
2026-01-16,Emergency,4,1,79,100,0.79,24.3,4,0,none
2026-01-16,OPD - General Medicine,4,1,173,150,1.153,70.6,7,0,none
2026-01-16,Cardiology,4,1,50,60,0.833,26.7,2,0,none
2026-01-16,Orthopedics,4,1,37,50,0.74,20.8,2,0,none
2026-01-16,Pediatrics,4,1,58,70,0.829,34.8,2,0,none
2026-01-16,Radiology,4,1,27,40,0.675,15.6,1,0,none
2026-01-17,Emergency,5,1,47,100,0.47,13.1,4,0,none
2026-01-17,OPD - General Medicine,5,1,115,150,0.767,24.7,7,0,none
2026-01-17,Cardiology,5,1,45,60,0.75,23.7,2,0,none
2026-01-17,Orthopedics,5,1,28,50,0.56,16.6,1,0,none
2026-01-17,Pediatrics,5,1,43,70,0.614,16.9,3,0,none
2026-01-17,Radiology,5,1,24,40,0.6,16.4,1,0,none
2026-01-18,Emergency,6,1,46,100,0.46,17.2,4,0,none
2026-01-18,OPD - General Medicine,6,1,111,150,0.74,20.8,5,0,none
2026-01-18,Cardiology,6,1,35,60,0.583,14.5,3,0,none
2026-01-18,Orthopedics,6,1,30,50,0.6,16.4,2,0,none
2026-01-18,Pediatrics,6,1,49,70,0.7,15.1,2,0,none
2026-01-18,Radiology,6,1,23,40,0.575,14.2,2,0,none
2026-01-19,Emergency,0,1,75,100,0.75,21.0,3,0,none
2026-01-19,OPD - General Medicine,0,1,220,150,1.3,77.3,8,0,none
2026-01-19,Cardiology,0,1,71,60,1.183,66.0,2,0,none
2026-01-19,Orthopedics,0,1,49,50,0.98,55.1,2,0,none
2026-01-19,Pediatrics,0,1,66,70,0.943,46.1,3,0,none
2026-01-19,Radiology,0,1,34,40,0.85,29.0,1,0,none
2026-01-20,Emergency,1,1,80,100,0.8,27.0,5,0,none
2026-01-20,OPD - General Medicine,1,1,156,150,1.04,50.9,6,0,none
2026-01-20,Cardiology,1,1,49,60,0.817,31.7,2,0,none
2026-01-20,Orthopedics,1,1,35,50,0.7,15.1,2,0,none
2026-01-20,Pediatrics,1,1,52,70,0.743,17.9,3,0,none
2026-01-20,Radiology,1,1,27,40,0.675,13.6,1,0,none
2026-01-21,Emergency,2,1,88,100,0.88,40.2,5,0,none
2026-01-21,OPD - General Medicine,2,1,148,150,0.987,48.3,5,0,none
2026-01-21,Cardiology,2,1,58,60,0.967,41.9,2,0,none
2026-01-21,Orthopedics,2,1,40,50,0.8,23.0,2,0,none
2026-01-21,Pediatrics,2,1,61,70,0.871,39.4,3,0,none
2026-01-21,Radiology,2,1,26,40,0.65,12.9,2,0,none
2026-01-22,Emergency,3,1,75,100,0.75,18.3,3,0,none
2026-01-22,OPD - General Medicine,3,1,101,150,0.673,16.2,7,0,none
2026-01-22,Cardiology,3,1,51,60,0.85,36.4,2,0,none
2026-01-22,Orthopedics,3,1,36,50,0.72,14.9,2,0,none
2026-01-22,Pediatrics,3,1,65,70,0.929,46.3,3,0,none
2026-01-22,Radiology,3,1,30,40,0.75,23.4,1,0,none
2026-01-23,Emergency,4,1,59,100,0.59,16.2,5,0,none
2026-01-23,OPD - General Medicine,4,1,168,150,1.12,57.7,5,0,none
2026-01-23,Cardiology,4,1,45,60,0.75,23.3,2,0,none
2026-01-23,Orthopedics,4,1,38,50,0.76,21.5,2,0,none
2026-01-23,Pediatrics,4,1,54,70,0.771,22.7,3,0,none
2026-01-23,Radiology,4,1,31,40,0.775,26.0,1,0,none
2026-01-24,Emergency,5,1,55,100,0.55,15.0,4,0,none
2026-01-24,OPD - General Medicine,5,1,89,150,0.593,15.6,5,0,none
2026-01-24,Cardiology,5,1,40,60,0.667,16.7,2,0,none
2026-01-24,Orthopedics,5,1,28,50,0.56,15.6,1,0,none
2026-01-24,Pediatrics,5,1,36,70,0.514,15.6,2,0,none
2026-01-24,Radiology,5,1,25,40,0.625,15.0,2,0,none
2026-01-25,Emergency,6,1,55,100,0.55,16.8,4,0,none
2026-01-25,OPD - General Medicine,6,1,114,150,0.76,23.9,5,0,none
2026-01-25,Cardiology,6,1,39,60,0.65,15.8,3,0,none
2026-01-25,Orthopedics,6,1,35,50,0.7,14.6,2,1,medium
2026-01-25,Pediatrics,6,1,40,70,0.571,15.0,3,0,none
2026-01-25,Radiology,6,1,31,40,0.775,24.9,1,0,none
2026-01-26,Emergency,0,1,97,100,0.97,40.5,4,0,none
2026-01-26,OPD - General Medicine,0,1,155,150,1.033,55.1,5,0,none
2026-01-26,Cardiology,0,1,68,60,1.133,67.5,2,0,none
2026-01-26,Orthopedics,0,1,39,50,0.78,27.2,1,0,none
2026-01-26,Pediatrics,0,1,71,70,1.014,52.9,3,0,none
2026-01-26,Radiology,0,1,35,40,0.875,31.8,1,0,none
2026-01-27,Emergency,1,1,60,100,0.6,16.1,5,0,none
2026-01-27,OPD - General Medicine,1,1,136,150,0.907,38.3,6,0,none
2026-01-27,Cardiology,1,1,50,60,0.833,28.3,2,0,none
2026-01-27,Orthopedics,1,1,40,50,0.8,31.0,2,0,none
2026-01-27,Pediatrics,1,1,48,70,0.686,15.1,3,0,none
2026-01-27,Radiology,1,1,33,40,0.825,28.1,1,0,none
2026-01-28,Emergency,2,1,70,100,0.7,13.6,4,0,none
2026-01-28,OPD - General Medicine,2,1,133,150,0.887,41.8,7,0,none
2026-01-28,Cardiology,2,1,51,60,0.85,37.2,3,0,none
2026-01-28,Orthopedics,2,1,38,50,0.76,24.9,1,0,none
2026-01-28,Pediatrics,2,1,54,70,0.771,25.1,3,0,none
2026-01-28,Radiology,2,1,34,40,0.85,33.5,1,0,none
2026-01-29,Emergency,3,1,59,100,0.59,16.8,4,0,none
2026-01-29,OPD - General Medicine,3,1,113,150,0.753,23.2,8,0,none
2026-01-29,Cardiology,3,1,39,60,0.65,16.4,2,0,none
2026-01-29,Orthopedics,3,1,40,50,0.8,24.2,1,0,none
2026-01-29,Pediatrics,3,1,52,70,0.743,18.1,2,0,none
2026-01-29,Radiology,3,1,33,40,0.825,31.4,1,0,none
2026-01-30,Emergency,4,1,77,100,0.77,26.4,4,0,none
2026-01-30,OPD - General Medicine,4,1,144,150,0.96,47.5,6,0,none
2026-01-30,Cardiology,4,1,53,60,0.883,42.1,2,0,none
2026-01-30,Orthopedics,4,1,50,50,1.0,43.7,2,0,none
2026-01-30,Pediatrics,4,1,49,70,0.7,14.3,3,0,none
2026-01-30,Radiology,4,1,23,40,0.575,15.8,1,0,none
2026-01-31,Emergency,5,1,54,100,0.54,15.9,4,0,none
2026-01-31,OPD - General Medicine,5,1,137,150,0.913,44.0,5,1,critical
2026-01-31,Cardiology,5,1,40,60,0.667,13.0,2,0,none
2026-01-31,Orthopedics,5,1,27,50,0.54,15.2,2,0,none
2026-01-31,Pediatrics,5,1,49,70,0.7,14.0,3,0,none
2026-01-31,Radiology,5,1,27,40,0.675,13.5,1,0,none
2026-02-01,Emergency,6,2,55,100,0.55,16.0,4,0,none
2026-02-01,OPD - General Medicine,6,2,144,150,0.96,41.5,8,0,none
2026-02-01,Cardiology,6,2,36,60,0.6,15.4,2,0,none
2026-02-01,Orthopedics,6,2,28,50,0.56,13.1,2,0,none
2026-02-01,Pediatrics,6,2,49,70,0.7,14.3,3,0,none
2026-02-01,Radiology,6,2,25,40,0.625,14.4,2,0,none
2026-02-02,Emergency,0,2,94,100,0.94,43.1,4,0,none
2026-02-02,OPD - General Medicine,0,2,246,150,1.3,85.4,7,1,high
2026-02-02,Cardiology,0,2,60,60,1.0,46.2,2,0,none
2026-02-02,Orthopedics,0,2,48,50,0.96,43.1,2,0,none
2026-02-02,Pediatrics,0,2,82,70,1.171,71.9,3,0,none
2026-02-02,Radiology,0,2,34,40,0.85,33.1,1,0,none
2026-02-03,Emergency,1,2,73,100,0.73,17.4,4,0,none
2026-02-03,OPD - General Medicine,1,2,165,150,1.1,69.1,6,0,none
2026-02-03,Cardiology,1,2,47,60,0.783,21.6,2,0,none
2026-02-03,Orthopedics,1,2,35,50,0.7,13.1,2,0,none
2026-02-03,Pediatrics,1,2,51,70,0.729,19.2,2,0,none
2026-02-03,Radiology,1,2,34,40,0.85,29.4,1,0,none
2026-02-04,Emergency,2,2,75,100,0.75,19.1,4,0,none
2026-02-04,OPD - General Medicine,2,2,152,150,1.013,55.2,7,0,none
2026-02-04,Cardiology,2,2,49,60,0.817,28.8,2,0,none
2026-02-04,Orthopedics,2,2,27,50,0.54,17.1,2,0,none
2026-02-04,Pediatrics,2,2,61,70,0.871,36.2,2,0,none
2026-02-04,Radiology,2,2,27,40,0.675,17.2,1,0,none
2026-02-05,Emergency,3,2,81,100,0.81,25.0,4,0,none
2026-02-05,OPD - General Medicine,3,2,172,150,1.147,67.2,7,0,none
2026-02-05,Cardiology,3,2,48,60,0.8,26.8,2,0,none
2026-02-05,Orthopedics,3,2,34,50,0.68,16.5,2,0,none
2026-02-05,Pediatrics,3,2,60,70,0.857,30.8,3,0,none
2026-02-05,Radiology,3,2,35,40,0.875,35.6,2,0,none
2026-02-06,Emergency,4,2,78,100,0.78,21.5,3,0,none
2026-02-06,OPD - General Medicine,4,2,136,150,0.907,37.3,7,0,none
2026-02-06,Cardiology,4,2,51,60,0.85,34.0,3,0,none
2026-02-06,Orthopedics,4,2,38,50,0.76,23.2,1,0,none
2026-02-06,Pediatrics,4,2,42,70,0.6,16.1,3,0,none
2026-02-06,Radiology,4,2,29,40,0.725,17.9,1,0,none
2026-02-07,Emergency,5,2,69,100,0.69,16.9,5,0,none
2026-02-07,OPD - General Medicine,5,2,134,150,0.893,37.9,5,0,none
2026-02-07,Cardiology,5,2,44,60,0.733,17.8,2,0,none
2026-02-07,Orthopedics,5,2,29,50,0.58,15.4,2,0,none
2026-02-07,Pediatrics,5,2,33,70,0.471,14.0,3,0,none
2026-02-07,Radiology,5,2,22,40,0.55,15.1,1,0,none
2026-02-08,Emergency,6,2,63,100,0.63,15.0,3,0,none
2026-02-08,OPD - General Medicine,6,2,111,150,0.74,18.9,6,0,none
2026-02-08,Cardiology,6,2,39,60,0.65,14.2,2,0,none
2026-02-08,Orthopedics,6,2,32,50,0.64,14.2,2,0,none
2026-02-08,Pediatrics,6,2,50,70,0.714,17.2,2,0,none
2026-02-08,Radiology,6,2,27,40,0.675,14.8,1,0,none
2026-02-09,Emergency,0,2,97,100,0.97,42.2,3,0,none
2026-02-09,OPD - General Medicine,0,2,192,150,1.28,88.9,7,0,none
2026-02-09,Cardiology,0,2,57,60,0.95,48.7,2,0,none
2026-02-09,Orthopedics,0,2,44,50,0.88,38.2,2,0,none
2026-02-09,Pediatrics,0,2,91,70,1.3,79.4,3,0,none
2026-02-09,Radiology,0,2,40,40,1.0,49.6,2,0,none
2026-02-10,Emergency,1,2,75,100,0.75,21.5,3,0,none
2026-02-10,OPD - General Medicine,1,2,142,150,0.947,48.1,5,0,none
2026-02-10,Cardiology,1,2,51,60,0.85,30.5,2,0,none
2026-02-10,Orthopedics,1,2,45,50,0.9,35.9,2,0,none
2026-02-10,Pediatrics,1,2,49,70,0.7,12.9,3,0,none
2026-02-10,Radiology,1,2,29,40,0.725,15.8,2,0,none
2026-02-11,Emergency,2,2,85,100,0.85,31.1,3,0,none
2026-02-11,OPD - General Medicine,2,2,159,150,1.06,64.9,7,0,none
2026-02-11,Cardiology,2,2,44,60,0.733,19.0,3,0,none
2026-02-11,Orthopedics,2,2,35,50,0.7,12.9,2,0,none
2026-02-11,Pediatrics,2,2,64,70,0.914,43.2,3,0,none
2026-02-11,Radiology,2,2,26,40,0.65,17.1,2,0,none
2026-02-12,Emergency,3,2,71,100,0.71,17.9,4,0,none
2026-02-12,OPD - General Medicine,3,2,166,150,1.107,59.4,7,0,none
2026-02-12,Cardiology,3,2,46,60,0.767,23.3,2,0,none
2026-02-12,Orthopedics,3,2,36,50,0.72,17.6,1,0,none
2026-02-12,Pediatrics,3,2,56,70,0.8,27.2,3,0,none
2026-02-12,Radiology,3,2,28,40,0.7,16.6,1,0,none
2026-02-13,Emergency,4,2,68,100,0.68,14.5,3,0,none
2026-02-13,OPD - General Medicine,4,2,163,150,1.087,69.2,5,0,none
2026-02-13,Cardiology,4,2,57,60,0.95,51.5,3,0,none
2026-02-13,Orthopedics,4,2,39,50,0.78,24.6,2,0,none
2026-02-13,Pediatrics,4,2,50,70,0.714,16.8,3,0,none
2026-02-13,Radiology,4,2,33,40,0.825,28.9,1,0,none
2026-02-14,Emergency,5,2,65,100,0.65,16.7,4,0,none
2026-02-14,OPD - General Medicine,5,2,103,150,0.687,16.1,7,0,none
2026-02-14,Cardiology,5,2,39,60,0.65,13.1,3,0,none
2026-02-14,Orthopedics,5,2,24,50,0.48,13.3,2,0,none
2026-02-14,Pediatrics,5,2,46,70,0.657,17.2,2,0,none
2026-02-14,Radiology,5,2,23,40,0.575,14.3,1,0,none
2026-02-15,Emergency,6,2,63,100,0.63,12.8,3,0,none
2026-02-15,OPD - General Medicine,6,2,115,150,0.767,20.0,7,0,none
2026-02-15,Cardiology,6,2,39,60,0.65,13.1,2,0,none
2026-02-15,Orthopedics,6,2,26,50,0.52,15.9,1,0,none
2026-02-15,Pediatrics,6,2,45,70,0.643,13.9,2,0,none
2026-02-15,Radiology,6,2,25,40,0.625,15.6,2,0,none
2026-02-16,Emergency,0,2,105,100,1.05,49.7,4,0,none
2026-02-16,OPD - General Medicine,0,2,141,150,0.94,43.1,5,0,none
2026-02-16,Cardiology,0,2,56,60,0.933,43.8,3,0,none
2026-02-16,Orthopedics,0,2,43,50,0.86,29.3,2,0,none
2026-02-16,Pediatrics,0,2,66,70,0.943,44.2,2,0,none
2026-02-16,Radiology,0,2,36,40,0.9,43.8,1,0,none
2026-02-17,Emergency,1,2,84,100,0.84,30.4,4,0,none
2026-02-17,OPD - General Medicine,1,2,160,150,1.067,64.6,6,0,none
2026-02-17,Cardiology,1,2,53,60,0.883,39.9,3,0,none
2026-02-17,Orthopedics,1,2,38,50,0.76,24.9,2,0,none
2026-02-17,Pediatrics,1,2,83,70,1.186,80.7,2,1,critical
2026-02-17,Radiology,1,2,33,40,0.825,33.1,1,0,none
2026-02-18,Emergency,2,2,88,100,0.88,35.1,3,0,none
2026-02-18,OPD - General Medicine,2,2,146,150,0.973,51.8,6,0,none
2026-02-18,Cardiology,2,2,52,60,0.867,37.8,2,0,none
2026-02-18,Orthopedics,2,2,33,50,0.66,16.7,1,0,none
2026-02-18,Pediatrics,2,2,62,70,0.886,35.1,2,0,none
2026-02-18,Radiology,2,2,24,40,0.6,15.0,1,0,none
2026-02-19,Emergency,3,2,76,100,0.76,19.7,4,0,none
2026-02-19,OPD - General Medicine,3,2,154,150,1.027,51.6,7,0,none
2026-02-19,Cardiology,3,2,45,60,0.75,23.5,2,0,none
2026-02-19,Orthopedics,3,2,33,50,0.66,15.8,2,0,none
2026-02-19,Pediatrics,3,2,47,70,0.671,15.5,3,0,none
2026-02-19,Radiology,3,2,26,40,0.65,14.1,2,0,none
2026-02-20,Emergency,4,2,72,100,0.72,14.9,3,0,none
2026-02-20,OPD - General Medicine,4,2,167,150,1.113,71.7,7,0,none
2026-02-20,Cardiology,4,2,46,60,0.767,21.3,3,0,none
2026-02-20,Orthopedics,4,2,42,50,0.84,35.1,2,0,none
2026-02-20,Pediatrics,4,2,68,70,0.971,52.2,2,0,none
2026-02-20,Radiology,4,2,30,40,0.75,21.8,1,0,none
2026-02-21,Emergency,5,2,60,100,0.6,15.1,4,0,none
2026-02-21,OPD - General Medicine,5,2,115,150,0.767,25.5,7,0,none
2026-02-21,Cardiology,5,2,35,60,0.583,14.7,2,0,none
2026-02-21,Orthopedics,5,2,23,50,0.46,16.5,1,0,none
2026-02-21,Pediatrics,5,2,42,70,0.6,15.4,3,0,none
2026-02-21,Radiology,5,2,25,40,0.625,13.0,1,0,none
2026-02-22,Emergency,6,2,54,100,0.54,14.3,3,0,none
2026-02-22,OPD - General Medicine,6,2,129,150,0.86,29.1,6,0,none
2026-02-22,Cardiology,6,2,32,60,0.533,16.8,2,0,none
2026-02-22,Orthopedics,6,2,25,50,0.5,15.6,2,0,none
2026-02-22,Pediatrics,6,2,47,70,0.671,14.8,3,0,none
2026-02-22,Radiology,6,2,20,40,0.5,13.3,1,0,none
2026-02-23,Emergency,0,2,101,100,1.01,59.8,5,0,none
2026-02-23,OPD - General Medicine,0,2,212,150,1.3,84.3,7,0,none
2026-02-23,Cardiology,0,2,57,60,0.95,42.7,2,0,none
2026-02-23,Orthopedics,0,2,49,50,0.98,51.9,1,0,none
2026-02-23,Pediatrics,0,2,74,70,1.057,55.8,2,0,none
2026-02-23,Radiology,0,2,35,40,0.875,38.0,1,0,none
2026-02-24,Emergency,1,2,75,100,0.75,19.0,4,0,none
2026-02-24,OPD - General Medicine,1,2,171,150,1.14,67.7,6,0,none
2026-02-24,Cardiology,1,2,55,60,0.917,46.2,3,0,none
2026-02-24,Orthopedics,1,2,41,50,0.82,25.9,2,0,none
2026-02-24,Pediatrics,1,2,61,70,0.871,34.1,2,0,none
2026-02-24,Radiology,1,2,27,40,0.675,12.9,1,0,none
2026-02-25,Emergency,2,2,84,100,0.84,36.3,4,0,none
2026-02-25,OPD - General Medicine,2,2,133,150,0.887,33.1,7,0,none
2026-02-25,Cardiology,2,2,46,60,0.767,22.1,2,0,none
2026-02-25,Orthopedics,2,2,28,50,0.56,14.3,2,0,none
2026-02-25,Pediatrics,2,2,56,70,0.8,30.7,3,0,none
2026-02-25,Radiology,2,2,28,40,0.7,13.0,2,0,none
2026-02-26,Emergency,3,2,68,100,0.68,13.1,3,0,none
2026-02-26,OPD - General Medicine,3,2,164,150,1.093,58.8,7,0,none
2026-02-26,Cardiology,3,2,49,60,0.817,32.3,2,0,none
2026-02-26,Orthopedics,3,2,38,50,0.76,20.0,2,0,none
2026-02-26,Pediatrics,3,2,59,70,0.843,33.4,2,0,none
2026-02-26,Radiology,3,2,30,40,0.75,18.3,1,0,none
2026-02-27,Emergency,4,2,81,100,0.81,28.3,3,0,none
2026-02-27,OPD - General Medicine,4,2,157,150,1.047,55.8,6,0,none
2026-02-27,Cardiology,4,2,52,60,0.867,38.9,2,0,none
2026-02-27,Orthopedics,4,2,56,50,1.12,61.6,2,1,high
2026-02-27,Pediatrics,4,2,54,70,0.771,23.2,2,0,none
2026-02-27,Radiology,4,2,35,40,0.875,39.3,1,0,none
2026-02-28,Emergency,5,2,61,100,0.61,13.9,4,0,none
2026-02-28,OPD - General Medicine,5,2,111,150,0.74,20.2,6,0,none
2026-02-28,Cardiology,5,2,44,60,0.733,20.2,2,0,none
2026-02-28,Orthopedics,5,2,33,50,0.66,14.1,2,0,none
2026-02-28,Pediatrics,5,2,44,70,0.629,14.9,3,0,none
2026-02-28,Radiology,5,2,26,40,0.65,13.6,2,0,none
2026-03-01,Emergency,6,3,56,100,0.56,13.5,3,0,none
2026-03-01,OPD - General Medicine,6,3,81,150,0.54,15.7,6,0,none
2026-03-01,Cardiology,6,3,33,60,0.55,14.2,3,0,none
2026-03-01,Orthopedics,6,3,28,50,0.56,16.8,2,0,none
2026-03-01,Pediatrics,6,3,26,70,0.371,13.0,3,0,none
2026-03-01,Radiology,6,3,16,40,0.4,15.7,1,0,none
2026-03-02,Emergency,0,3,81,100,0.81,26.4,4,0,none
2026-03-02,OPD - General Medicine,0,3,158,150,1.053,55.6,5,0,none
2026-03-02,Cardiology,0,3,54,60,0.9,42.3,3,0,none
2026-03-02,Orthopedics,0,3,31,50,0.62,14.9,2,0,none
2026-03-02,Pediatrics,0,3,50,70,0.714,14.4,3,0,none
2026-03-02,Radiology,0,3,27,40,0.675,15.7,2,0,none
2026-03-03,Emergency,1,3,59,100,0.59,13.3,4,0,none
2026-03-03,OPD - General Medicine,1,3,118,150,0.787,28.4,7,0,none
2026-03-03,Cardiology,1,3,38,60,0.633,15.4,2,0,none
2026-03-03,Orthopedics,1,3,24,50,0.48,12.9,1,0,none
2026-03-03,Pediatrics,1,3,53,70,0.757,23.6,2,0,none
2026-03-03,Radiology,1,3,26,40,0.65,15.0,1,0,none
2026-03-04,Emergency,2,3,56,100,0.56,16.2,3,0,none
2026-03-04,OPD - General Medicine,2,3,113,150,0.753,23.5,8,0,none
2026-03-04,Cardiology,2,3,34,60,0.567,16.1,2,0,none
2026-03-04,Orthopedics,2,3,38,50,0.76,20.6,1,0,none
2026-03-04,Pediatrics,2,3,42,70,0.6,13.7,3,0,none
2026-03-04,Radiology,2,3,24,40,0.6,13.6,1,0,none
2026-03-05,Emergency,3,3,57,100,0.57,15.2,4,0,none
2026-03-05,OPD - General Medicine,3,3,136,150,0.907,43.0,6,0,none
2026-03-05,Cardiology,3,3,41,60,0.683,16.0,2,0,none
2026-03-05,Orthopedics,3,3,28,50,0.56,13.1,2,0,none
2026-03-05,Pediatrics,3,3,47,70,0.671,14.5,3,0,none
2026-03-05,Radiology,3,3,25,40,0.625,12.9,1,0,none
2026-03-06,Emergency,4,3,65,100,0.65,13.6,4,0,none
2026-03-06,OPD - General Medicine,4,3,123,150,0.82,32.3,7,0,none
2026-03-06,Cardiology,4,3,39,60,0.65,14.0,3,0,none
2026-03-06,Orthopedics,4,3,32,50,0.64,14.2,2,0,none
2026-03-06,Pediatrics,4,3,40,70,0.571,16.3,3,0,none
2026-03-06,Radiology,4,3,28,40,0.7,15.4,1,0,none
2026-03-07,Emergency,5,3,49,100,0.49,15.5,4,0,none
2026-03-07,OPD - General Medicine,5,3,82,150,0.547,16.3,7,0,none
2026-03-07,Cardiology,5,3,32,60,0.533,15.8,3,0,none
2026-03-07,Orthopedics,5,3,27,50,0.54,15.3,1,0,none
2026-03-07,Pediatrics,5,3,35,70,0.5,14.7,2,0,none
2026-03-07,Radiology,5,3,22,40,0.55,12.9,1,0,none
2026-03-08,Emergency,6,3,40,100,0.4,14.3,4,0,none
2026-03-08,OPD - General Medicine,6,3,104,150,0.693,13.9,6,0,none
2026-03-08,Cardiology,6,3,28,60,0.467,15.9,2,0,none
2026-03-08,Orthopedics,6,3,20,50,0.4,16.6,1,0,none
2026-03-08,Pediatrics,6,3,26,70,0.371,16.1,3,0,none
2026-03-08,Radiology,6,3,23,40,0.575,16.6,2,0,none
2026-03-09,Emergency,0,3,70,100,0.7,16.6,5,0,none
2026-03-09,OPD - General Medicine,0,3,130,150,0.867,35.5,6,0,none
2026-03-09,Cardiology,0,3,47,60,0.783,25.5,2,0,none
2026-03-09,Orthopedics,0,3,31,50,0.62,13.9,1,0,none
2026-03-09,Pediatrics,0,3,56,70,0.8,25.0,3,0,none
2026-03-09,Radiology,0,3,36,40,0.9,36.5,1,0,none
2026-03-10,Emergency,1,3,57,100,0.57,13.6,5,0,none
2026-03-10,OPD - General Medicine,1,3,115,150,0.767,22.1,6,0,none
2026-03-10,Cardiology,1,3,39,60,0.65,13.0,2,0,none
2026-03-10,Orthopedics,1,3,27,50,0.54,16.2,2,0,none
2026-03-10,Pediatrics,1,3,42,70,0.6,13.1,3,0,none
2026-03-10,Radiology,1,3,24,40,0.6,16.0,1,0,none
2026-03-11,Emergency,2,3,67,100,0.67,14.8,4,0,none
2026-03-11,OPD - General Medicine,2,3,131,150,0.873,31.2,6,0,none
2026-03-11,Cardiology,2,3,40,60,0.667,16.8,3,0,none
2026-03-11,Orthopedics,2,3,24,50,0.48,15.1,2,0,none
2026-03-11,Pediatrics,2,3,47,70,0.671,17.1,3,0,none
2026-03-11,Radiology,2,3,23,40,0.575,15.1,1,0,none
2026-03-12,Emergency,3,3,61,100,0.61,13.1,4,0,none
2026-03-12,OPD - General Medicine,3,3,139,150,0.927,36.0,7,0,none
2026-03-12,Cardiology,3,3,36,60,0.6,13.9,2,0,none
2026-03-12,Orthopedics,3,3,32,50,0.64,12.9,2,0,none
2026-03-12,Pediatrics,3,3,43,70,0.614,15.4,3,0,none
2026-03-12,Radiology,3,3,25,40,0.625,15.8,1,0,none
2026-03-13,Emergency,4,3,62,100,0.62,15.0,3,0,none
2026-03-13,OPD - General Medicine,4,3,123,150,0.82,25.6,7,0,none
2026-03-13,Cardiology,4,3,52,60,0.867,34.8,2,0,none
2026-03-13,Orthopedics,4,3,33,50,0.66,16.9,1,0,none
2026-03-13,Pediatrics,4,3,47,70,0.671,13.8,2,0,none
2026-03-13,Radiology,4,3,27,40,0.675,15.0,1,1,medium
2026-03-14,Emergency,5,3,51,100,0.51,16.3,4,0,none
2026-03-14,OPD - General Medicine,5,3,106,150,0.707,14.6,7,0,none
2026-03-14,Cardiology,5,3,26,60,0.433,15.8,2,0,none
2026-03-14,Orthopedics,5,3,21,50,0.42,14.1,2,0,none
2026-03-14,Pediatrics,5,3,39,70,0.557,15.2,3,0,none
2026-03-14,Radiology,5,3,20,40,0.5,16.9,1,0,none
2026-03-15,Emergency,6,3,48,100,0.48,16.2,5,0,none
2026-03-15,OPD - General Medicine,6,3,83,150,0.553,15.7,7,0,none
2026-03-15,Cardiology,6,3,37,60,0.617,15.1,2,0,none
2026-03-15,Orthopedics,6,3,21,50,0.42,14.8,1,0,none
2026-03-15,Pediatrics,6,3,45,70,0.643,13.2,2,0,none
2026-03-15,Radiology,6,3,19,40,0.475,15.4,1,0,none
2026-03-16,Emergency,0,3,73,100,0.73,18.8,4,0,none
2026-03-16,OPD - General Medicine,0,3,149,150,0.993,50.5,7,0,none
2026-03-16,Cardiology,0,3,59,60,0.983,52.6,3,0,none
2026-03-16,Orthopedics,0,3,43,50,0.86,33.8,1,0,none
2026-03-16,Pediatrics,0,3,54,70,0.771,22.3,2,0,none
2026-03-16,Radiology,0,3,33,40,0.825,26.4,1,0,none
2026-03-17,Emergency,1,3,67,100,0.67,15.0,4,0,none
2026-03-17,OPD - General Medicine,1,3,84,150,0.56,14.3,7,0,none
2026-03-17,Cardiology,1,3,44,60,0.733,16.2,2,0,none
2026-03-17,Orthopedics,1,3,34,50,0.68,16.1,2,0,none
2026-03-17,Pediatrics,1,3,45,70,0.643,13.5,3,0,none
2026-03-17,Radiology,1,3,25,40,0.625,16.2,2,0,none
2026-03-18,Emergency,2,3,68,100,0.68,16.5,3,0,none
2026-03-18,OPD - General Medicine,2,3,141,150,0.94,40.0,7,0,none
2026-03-18,Cardiology,2,3,38,60,0.633,16.3,2,0,none
2026-03-18,Orthopedics,2,3,25,50,0.5,16.8,2,0,none
2026-03-18,Pediatrics,2,3,35,70,0.5,16.2,3,0,none
2026-03-18,Radiology,2,3,28,40,0.7,16.4,1,0,none
2026-03-19,Emergency,3,3,62,100,0.62,16.4,4,0,none
2026-03-19,OPD - General Medicine,3,3,119,150,0.793,24.6,6,0,none
2026-03-19,Cardiology,3,3,30,60,0.5,15.8,2,0,none
2026-03-19,Orthopedics,3,3,34,50,0.68,13.0,2,0,none
2026-03-19,Pediatrics,3,3,53,70,0.757,19.0,3,0,none
2026-03-19,Radiology,3,3,26,40,0.65,16.6,1,0,none
2026-03-20,Emergency,4,3,64,100,0.64,16.9,5,0,none
2026-03-20,OPD - General Medicine,4,3,110,150,0.733,16.4,5,0,none
2026-03-20,Cardiology,4,3,40,60,0.667,13.3,2,0,none
2026-03-20,Orthopedics,4,3,34,50,0.68,14.1,2,0,none
2026-03-20,Pediatrics,4,3,47,70,0.671,13.6,2,0,none
2026-03-20,Radiology,4,3,25,40,0.625,12.9,1,0,none
2026-03-21,Emergency,5,3,57,100,0.57,16.6,4,0,none
2026-03-21,OPD - General Medicine,5,3,82,150,0.547,16.1,5,0,none
2026-03-21,Cardiology,5,3,26,60,0.433,14.7,2,0,none
2026-03-21,Orthopedics,5,3,22,50,0.44,13.0,2,0,none
2026-03-21,Pediatrics,5,3,29,70,0.414,16.0,3,0,none
2026-03-21,Radiology,5,3,24,40,0.6,15.6,1,0,none
2026-03-22,Emergency,6,3,53,100,0.53,14.6,4,0,none
2026-03-22,OPD - General Medicine,6,3,107,150,0.713,17.6,6,0,none
2026-03-22,Cardiology,6,3,31,60,0.517,13.8,2,0,none
2026-03-22,Orthopedics,6,3,22,50,0.44,15.9,1,0,none
2026-03-22,Pediatrics,6,3,34,70,0.486,16.7,2,0,none
2026-03-22,Radiology,6,3,18,40,0.45,14.3,1,0,none
2026-03-23,Emergency,0,3,72,100,0.72,19.1,3,0,none
2026-03-23,OPD - General Medicine,0,3,136,150,0.907,38.2,6,0,none
2026-03-23,Cardiology,0,3,42,60,0.7,17.0,2,0,none
2026-03-23,Orthopedics,0,3,38,50,0.76,20.2,2,0,none
2026-03-23,Pediatrics,0,3,47,70,0.671,16.7,3,0,none
2026-03-23,Radiology,0,3,34,40,0.85,36.2,1,0,none
2026-03-24,Emergency,1,3,64,100,0.64,16.5,5,0,none
2026-03-24,OPD - General Medicine,1,3,91,150,0.607,16.0,6,0,none
2026-03-24,Cardiology,1,3,49,60,0.817,27.1,2,0,none
2026-03-24,Orthopedics,1,3,25,50,0.5,13.0,2,0,none
2026-03-24,Pediatrics,1,3,41,70,0.586,16.5,2,0,none
2026-03-24,Radiology,1,3,30,40,0.75,19.3,1,0,none
2026-03-25,Emergency,2,3,77,100,0.77,25.9,4,0,none
2026-03-25,OPD - General Medicine,2,3,111,150,0.74,17.5,7,0,none
2026-03-25,Cardiology,2,3,50,60,0.833,35.6,3,0,none
2026-03-25,Orthopedics,2,3,29,50,0.58,14.4,1,0,none
2026-03-25,Pediatrics,2,3,42,70,0.6,15.1,2,0,none
2026-03-25,Radiology,2,3,27,40,0.675,14.8,2,0,none
2026-03-26,Emergency,3,3,56,100,0.56,13.5,4,0,none
2026-03-26,OPD - General Medicine,3,3,102,150,0.68,13.2,5,0,none
2026-03-26,Cardiology,3,3,40,60,0.667,14.1,3,0,none
2026-03-26,Orthopedics,3,3,28,50,0.56,16.8,2,0,none
2026-03-26,Pediatrics,3,3,44,70,0.629,15.2,2,0,none
2026-03-26,Radiology,3,3,28,40,0.7,15.6,1,0,none
2026-03-27,Emergency,4,3,50,100,0.5,13.4,4,0,none
2026-03-27,OPD - General Medicine,4,3,98,150,0.653,14.0,6,0,none
2026-03-27,Cardiology,4,3,43,60,0.717,17.2,2,0,none
2026-03-27,Orthopedics,4,3,24,50,0.48,15.0,2,0,none
2026-03-27,Pediatrics,4,3,41,70,0.586,16.5,3,0,none
2026-03-27,Radiology,4,3,26,40,0.65,13.8,1,0,none
2026-03-28,Emergency,5,3,42,100,0.42,17.1,5,0,none
2026-03-28,OPD - General Medicine,5,3,76,150,0.507,14.8,6,0,none
2026-03-28,Cardiology,5,3,31,60,0.517,16.6,2,0,none
2026-03-28,Orthopedics,5,3,25,50,0.5,15.8,2,0,none
2026-03-28,Pediatrics,5,3,36,70,0.514,15.6,3,0,none
2026-03-28,Radiology,5,3,18,40,0.45,15.9,1,0,none
2026-03-29,Emergency,6,3,41,100,0.41,16.1,5,0,none
2026-03-29,OPD - General Medicine,6,3,86,150,0.573,14.7,7,0,none
2026-03-29,Cardiology,6,3,39,60,0.65,14.3,2,0,none
2026-03-29,Orthopedics,6,3,25,50,0.5,16.6,1,0,none
2026-03-29,Pediatrics,6,3,37,70,0.529,15.3,2,0,none
2026-03-29,Radiology,6,3,20,40,0.5,16.9,1,0,none
2026-03-30,Emergency,0,3,79,100,0.79,28.3,4,0,none
2026-03-30,OPD - General Medicine,0,3,139,150,0.927,40.3,7,0,none
2026-03-30,Cardiology,0,3,52,60,0.867,34.6,2,0,none
2026-03-30,Orthopedics,0,3,34,50,0.68,14.6,2,0,none
2026-03-30,Pediatrics,0,3,54,70,0.771,21.0,3,0,none
2026-03-30,Radiology,0,3,37,40,0.925,41.9,1,0,none
2026-03-31,Emergency,1,3,59,100,0.59,14.5,4,0,none
2026-03-31,OPD - General Medicine,1,3,121,150,0.807,24.2,5,0,none
2026-03-31,Cardiology,1,3,37,60,0.617,15.8,2,0,none
2026-03-31,Orthopedics,1,3,30,50,0.6,13.1,2,0,none
2026-03-31,Pediatrics,1,3,53,70,0.757,24.5,3,0,none
2026-03-31,Radiology,1,3,29,40,0.725,19.3,2,0,none
2026-04-01,Emergency,2,4,41,100,0.41,12.9,4,0,none
2026-04-01,OPD - General Medicine,2,4,125,150,0.833,32.3,7,0,none
2026-04-01,Cardiology,2,4,34,60,0.567,15.0,2,0,none
2026-04-01,Orthopedics,2,4,33,50,0.66,16.4,2,0,none
2026-04-01,Pediatrics,2,4,41,70,0.586,16.2,3,0,none
2026-04-01,Radiology,2,4,28,40,0.7,13.8,1,0,none
2026-04-02,Emergency,3,4,67,100,0.67,15.4,4,0,none
2026-04-02,OPD - General Medicine,3,4,121,150,0.807,27.9,8,0,none
2026-04-02,Cardiology,3,4,44,60,0.733,18.4,3,0,none
2026-04-02,Orthopedics,3,4,28,50,0.56,14.7,2,0,none
2026-04-02,Pediatrics,3,4,46,70,0.657,13.7,2,0,none
2026-04-02,Radiology,3,4,24,40,0.6,13.9,2,0,none
2026-04-03,Emergency,4,4,51,100,0.51,15.7,4,0,none
2026-04-03,OPD - General Medicine,4,4,130,150,0.867,38.2,8,0,none
2026-04-03,Cardiology,4,4,31,60,0.517,14.6,3,0,none
2026-04-03,Orthopedics,4,4,42,50,0.84,30.0,2,0,none
2026-04-03,Pediatrics,4,4,44,70,0.629,16.3,2,0,none
2026-04-03,Radiology,4,4,30,40,0.75,23.8,1,0,none
2026-04-04,Emergency,5,4,45,100,0.45,15.7,4,0,none
2026-04-04,OPD - General Medicine,5,4,110,150,0.733,20.0,6,0,none
2026-04-04,Cardiology,5,4,31,60,0.517,13.8,2,0,none
2026-04-04,Orthopedics,5,4,22,50,0.44,16.6,2,0,none
2026-04-04,Pediatrics,5,4,38,70,0.543,13.8,2,0,none
2026-04-04,Radiology,5,4,20,40,0.5,13.6,1,0,none
2026-04-05,Emergency,6,4,34,100,0.34,13.7,5,0,none
2026-04-05,OPD - General Medicine,6,4,97,150,0.647,13.0,6,1,medium
2026-04-05,Cardiology,6,4,30,60,0.5,15.4,2,0,none
2026-04-05,Orthopedics,6,4,27,50,0.54,12.9,1,0,none
2026-04-05,Pediatrics,6,4,31,70,0.443,13.6,3,0,none
2026-04-05,Radiology,6,4,20,40,0.5,15.5,1,0,none
2026-04-06,Emergency,0,4,81,100,0.81,24.6,3,0,none
2026-04-06,OPD - General Medicine,0,4,156,150,1.04,60.7,7,0,none
2026-04-06,Cardiology,0,4,44,60,0.733,21.3,2,0,none
2026-04-06,Orthopedics,0,4,35,50,0.7,17.0,2,0,none
2026-04-06,Pediatrics,0,4,66,70,0.943,43.1,3,0,none
2026-04-06,Radiology,0,4,30,40,0.75,22.2,1,0,none
2026-04-07,Emergency,1,4,59,100,0.59,14.1,4,0,none
2026-04-07,OPD - General Medicine,1,4,126,150,0.84,33.4,5,0,none
2026-04-07,Cardiology,1,4,40,60,0.667,14.2,2,0,none
2026-04-07,Orthopedics,1,4,38,50,0.76,20.7,2,0,none
2026-04-07,Pediatrics,1,4,42,70,0.6,16.8,3,0,none
2026-04-07,Radiology,1,4,22,40,0.55,16.3,1,0,none
2026-04-08,Emergency,2,4,60,100,0.6,13.3,3,0,none
2026-04-08,OPD - General Medicine,2,4,143,150,0.953,47.5,7,0,none
2026-04-08,Cardiology,2,4,42,60,0.7,13.6,2,0,none
2026-04-08,Orthopedics,2,4,26,50,0.52,14.1,1,0,none
2026-04-08,Pediatrics,2,4,50,70,0.714,16.0,2,0,none
2026-04-08,Radiology,2,4,26,40,0.65,16.0,1,0,none
2026-04-09,Emergency,3,4,51,100,0.51,16.9,5,0,none
2026-04-09,OPD - General Medicine,3,4,132,150,0.88,35.4,8,0,none
2026-04-09,Cardiology,3,4,37,60,0.617,15.8,3,0,none
2026-04-09,Orthopedics,3,4,23,50,0.46,16.4,2,0,none
2026-04-09,Pediatrics,3,4,52,70,0.743,22.1,2,0,none
2026-04-09,Radiology,3,4,25,40,0.625,14.1,1,0,none
2026-04-10,Emergency,4,4,62,100,0.62,16.3,5,0,none
2026-04-10,OPD - General Medicine,4,4,80,150,0.533,15.5,5,0,none
2026-04-10,Cardiology,4,4,44,60,0.733,17.6,2,0,none
2026-04-10,Orthopedics,4,4,25,50,0.5,15.0,2,0,none
2026-04-10,Pediatrics,4,4,45,70,0.643,14.3,2,0,none
2026-04-10,Radiology,4,4,20,40,0.5,14.2,1,0,none
2026-04-11,Emergency,5,4,50,100,0.5,17.2,5,0,none
2026-04-11,OPD - General Medicine,5,4,103,150,0.687,14.1,8,0,none
2026-04-11,Cardiology,5,4,37,60,0.617,15.5,2,0,none
2026-04-11,Orthopedics,5,4,21,50,0.42,15.1,2,0,none
2026-04-11,Pediatrics,5,4,38,70,0.543,16.1,2,0,none
2026-04-11,Radiology,5,4,15,40,0.375,14.0,1,0,none
2026-04-12,Emergency,6,4,44,100,0.44,16.9,5,0,none
2026-04-12,OPD - General Medicine,6,4,85,150,0.567,16.6,7,0,none
2026-04-12,Cardiology,6,4,34,60,0.567,16.4,2,0,none
2026-04-12,Orthopedics,6,4,24,50,0.48,13.9,2,0,none
2026-04-12,Pediatrics,6,4,38,70,0.543,14.7,2,0,none
2026-04-12,Radiology,6,4,18,40,0.45,17.2,1,0,none
2026-04-13,Emergency,0,4,64,100,0.64,12.9,4,0,none
2026-04-13,OPD - General Medicine,0,4,113,150,0.753,18.5,7,0,none
2026-04-13,Cardiology,0,4,49,60,0.817,32.7,2,0,none
2026-04-13,Orthopedics,0,4,43,50,0.86,32.1,1,0,none
2026-04-13,Pediatrics,0,4,48,70,0.686,14.6,3,0,none
2026-04-13,Radiology,0,4,41,40,1.025,57.8,1,1,high
2026-04-14,Emergency,1,4,54,100,0.54,15.5,3,0,none
2026-04-14,OPD - General Medicine,1,4,120,150,0.8,28.3,7,0,none
2026-04-14,Cardiology,1,4,44,60,0.733,20.0,3,0,none
2026-04-14,Orthopedics,1,4,28,50,0.56,17.0,2,0,none
2026-04-14,Pediatrics,1,4,45,70,0.643,15.5,3,0,none
2026-04-14,Radiology,1,4,27,40,0.675,14.7,1,0,none
2026-04-15,Emergency,2,4,56,100,0.56,14.8,3,0,none
2026-04-15,OPD - General Medicine,2,4,123,150,0.82,32.8,6,0,none
2026-04-15,Cardiology,2,4,41,60,0.683,14.1,3,0,none
2026-04-15,Orthopedics,2,4,30,50,0.6,15.3,2,0,none
2026-04-15,Pediatrics,2,4,42,70,0.6,13.3,3,0,none
2026-04-15,Radiology,2,4,27,40,0.675,13.8,1,0,none
2026-04-16,Emergency,3,4,65,100,0.65,13.7,5,0,none
2026-04-16,OPD - General Medicine,3,4,145,150,0.967,44.3,8,0,none
2026-04-16,Cardiology,3,4,43,60,0.717,14.8,3,0,none
2026-04-16,Orthopedics,3,4,26,50,0.52,13.8,2,0,none
2026-04-16,Pediatrics,3,4,40,70,0.571,14.0,3,0,none
2026-04-16,Radiology,3,4,24,40,0.6,13.3,1,0,none
2026-04-17,Emergency,4,4,53,100,0.53,16.8,4,0,none
2026-04-17,OPD - General Medicine,4,4,96,150,0.64,16.7,5,0,none
2026-04-17,Cardiology,4,4,44,60,0.733,19.7,2,0,none
2026-04-17,Orthopedics,4,4,34,50,0.68,13.8,2,0,none
2026-04-17,Pediatrics,4,4,43,70,0.614,15.4,3,0,none
2026-04-17,Radiology,4,4,32,40,0.8,27.7,1,0,none
2026-04-18,Emergency,5,4,43,100,0.43,15.4,4,0,none
2026-04-18,OPD - General Medicine,5,4,101,150,0.673,16.6,7,0,none
2026-04-18,Cardiology,5,4,34,60,0.567,16.4,2,0,none
2026-04-18,Orthopedics,5,4,24,50,0.48,15.2,2,0,none
2026-04-18,Pediatrics,5,4,41,70,0.586,15.6,3,0,none
2026-04-18,Radiology,5,4,23,40,0.575,17.2,2,0,none
2026-04-19,Emergency,6,4,53,100,0.53,13.0,5,0,none
2026-04-19,OPD - General Medicine,6,4,96,150,0.64,15.2,7,0,none
2026-04-19,Cardiology,6,4,31,60,0.517,16.3,2,0,none
2026-04-19,Orthopedics,6,4,19,50,0.38,17.0,2,0,none
2026-04-19,Pediatrics,6,4,36,70,0.514,14.5,2,0,none
2026-04-19,Radiology,6,4,18,40,0.45,17.2,1,0,none
2026-04-20,Emergency,0,4,76,100,0.76,25.0,3,0,none
2026-04-20,OPD - General Medicine,0,4,146,150,0.973,50.4,6,0,none
2026-04-20,Cardiology,0,4,50,60,0.833,35.5,2,0,none
2026-04-20,Orthopedics,0,4,35,50,0.7,15.8,2,0,none
2026-04-20,Pediatrics,0,4,53,70,0.757,19.5,2,0,none
2026-04-20,Radiology,0,4,27,40,0.675,13.5,2,0,none
2026-04-21,Emergency,1,4,46,100,0.46,13.8,4,0,none
2026-04-21,OPD - General Medicine,1,4,108,150,0.72,18.1,5,0,none
2026-04-21,Cardiology,1,4,38,60,0.633,16.9,3,0,none
2026-04-21,Orthopedics,1,4,36,50,0.72,17.6,2,0,none
2026-04-21,Pediatrics,1,4,39,70,0.557,15.2,3,0,none
2026-04-21,Radiology,1,4,29,40,0.725,18.9,1,0,none
2026-04-22,Emergency,2,4,52,100,0.52,15.5,4,0,none
2026-04-22,OPD - General Medicine,2,4,107,150,0.713,18.4,7,0,none
2026-04-22,Cardiology,2,4,45,60,0.75,22.9,2,0,none
2026-04-22,Orthopedics,2,4,30,50,0.6,13.4,2,0,none
2026-04-22,Pediatrics,2,4,45,70,0.643,15.4,2,0,none
2026-04-22,Radiology,2,4,30,40,0.75,23.7,1,0,none
2026-04-23,Emergency,3,4,62,100,0.62,15.8,4,0,none
2026-04-23,OPD - General Medicine,3,4,113,150,0.753,21.4,5,0,none
2026-04-23,Cardiology,3,4,42,60,0.7,14.2,2,0,none
2026-04-23,Orthopedics,3,4,31,50,0.62,16.3,2,0,none
2026-04-23,Pediatrics,3,4,48,70,0.686,13.1,3,0,none
2026-04-23,Radiology,3,4,24,40,0.6,14.7,2,0,none
2026-04-24,Emergency,4,4,69,100,0.69,13.6,3,0,none
2026-04-24,OPD - General Medicine,4,4,107,150,0.713,18.2,5,0,none
2026-04-24,Cardiology,4,4,49,60,0.817,25.0,2,0,none
2026-04-24,Orthopedics,4,4,35,50,0.7,15.4,2,0,none
2026-04-24,Pediatrics,4,4,46,70,0.657,16.3,2,0,none
2026-04-24,Radiology,4,4,27,40,0.675,16.6,1,0,none
2026-04-25,Emergency,5,4,43,100,0.43,12.8,5,0,none
2026-04-25,OPD - General Medicine,5,4,83,150,0.553,15.5,7,0,none
2026-04-25,Cardiology,5,4,29,60,0.483,15.4,2,0,none
2026-04-25,Orthopedics,5,4,20,50,0.4,15.8,1,0,none
2026-04-25,Pediatrics,5,4,39,70,0.557,17.2,3,0,none
2026-04-25,Radiology,5,4,20,40,0.5,14.2,2,0,none
2026-04-26,Emergency,6,4,49,100,0.49,14.8,4,0,none
2026-04-26,OPD - General Medicine,6,4,94,150,0.627,14.3,7,0,none
2026-04-26,Cardiology,6,4,28,60,0.467,16.7,3,0,none
2026-04-26,Orthopedics,6,4,24,50,0.48,13.2,2,0,none
2026-04-26,Pediatrics,6,4,35,70,0.5,13.5,2,0,none
2026-04-26,Radiology,6,4,19,40,0.475,16.3,2,0,none
2026-04-27,Emergency,0,4,65,100,0.65,16.2,4,0,none
2026-04-27,OPD - General Medicine,0,4,150,150,1.0,50.6,6,0,none
2026-04-27,Cardiology,0,4,50,60,0.833,27.8,3,0,none
2026-04-27,Orthopedics,0,4,33,50,0.66,16.8,1,0,none
2026-04-27,Pediatrics,0,4,70,70,1.0,55.7,3,0,none
2026-04-27,Radiology,0,4,26,40,0.65,16.8,1,0,none
2026-04-28,Emergency,1,4,62,100,0.62,15.2,3,0,none
2026-04-28,OPD - General Medicine,1,4,116,150,0.773,27.1,7,0,none
2026-04-28,Cardiology,1,4,39,60,0.65,14.6,3,0,none
2026-04-28,Orthopedics,1,4,35,50,0.7,15.8,2,0,none
2026-04-28,Pediatrics,1,4,44,70,0.629,15.6,3,0,none
2026-04-28,Radiology,1,4,20,40,0.5,14.4,1,0,none
2026-04-29,Emergency,2,4,70,100,0.7,14.7,4,0,none
2026-04-29,OPD - General Medicine,2,4,131,150,0.873,37.8,6,0,none
2026-04-29,Cardiology,2,4,36,60,0.6,16.1,2,0,none
2026-04-29,Orthopedics,2,4,28,50,0.56,13.8,2,0,none
2026-04-29,Pediatrics,2,4,53,70,0.757,20.1,3,0,none
2026-04-29,Radiology,2,4,26,40,0.65,15.9,1,0,none
2026-04-30,Emergency,3,4,69,100,0.69,15.2,4,0,none
2026-04-30,OPD - General Medicine,3,4,147,150,0.98,44.8,5,0,none
2026-04-30,Cardiology,3,4,35,60,0.583,16.7,2,0,none
2026-04-30,Orthopedics,3,4,33,50,0.66,16.8,2,0,none
2026-04-30,Pediatrics,3,4,33,70,0.471,16.3,3,0,none
2026-04-30,Radiology,3,4,21,40,0.525,16.5,1,0,none
2026-05-01,Emergency,4,5,70,100,0.7,15.3,4,1,medium
2026-05-01,OPD - General Medicine,4,5,114,150,0.76,22.0,6,0,none
2026-05-01,Cardiology,4,5,37,60,0.617,14.2,2,0,none
2026-05-01,Orthopedics,4,5,36,50,0.72,19.5,2,0,none
2026-05-01,Pediatrics,4,5,52,70,0.743,20.0,2,0,none
2026-05-01,Radiology,4,5,23,40,0.575,13.1,2,0,none
2026-05-02,Emergency,5,5,39,100,0.39,13.7,3,0,none
2026-05-02,OPD - General Medicine,5,5,86,150,0.573,14.2,6,0,none
2026-05-02,Cardiology,5,5,33,60,0.55,16.7,3,0,none
2026-05-02,Orthopedics,5,5,21,50,0.42,13.3,2,0,none
2026-05-02,Pediatrics,5,5,34,70,0.486,13.6,2,0,none
2026-05-02,Radiology,5,5,20,40,0.5,16.5,1,0,none
2026-05-03,Emergency,6,5,42,100,0.42,16.8,4,0,none
2026-05-03,OPD - General Medicine,6,5,97,150,0.647,16.9,8,0,none
2026-05-03,Cardiology,6,5,36,60,0.6,15.5,2,0,none
2026-05-03,Orthopedics,6,5,26,50,0.52,16.0,2,0,none
2026-05-03,Pediatrics,6,5,36,70,0.514,15.9,3,0,none
2026-05-03,Radiology,6,5,17,40,0.425,13.9,1,0,none
2026-05-04,Emergency,0,5,65,100,0.65,13.6,4,0,none
2026-05-04,OPD - General Medicine,0,5,115,150,0.767,25.4,5,0,none
2026-05-04,Cardiology,0,5,41,60,0.683,14.4,2,0,none
2026-05-04,Orthopedics,0,5,37,50,0.74,20.6,1,0,none
2026-05-04,Pediatrics,0,5,57,70,0.814,28.4,3,0,none
2026-05-04,Radiology,0,5,32,40,0.8,30.1,1,0,none
2026-05-05,Emergency,1,5,57,100,0.57,14.8,4,0,none
2026-05-05,OPD - General Medicine,1,5,121,150,0.807,28.8,6,0,none
2026-05-05,Cardiology,1,5,47,60,0.783,28.3,2,0,none
2026-05-05,Orthopedics,1,5,30,50,0.6,13.5,2,0,none
2026-05-05,Pediatrics,1,5,41,70,0.586,15.6,2,0,none
2026-05-05,Radiology,1,5,25,40,0.625,15.4,1,0,none
2026-05-06,Emergency,2,5,58,100,0.58,13.6,4,0,none
2026-05-06,OPD - General Medicine,2,5,105,150,0.7,16.2,7,0,none
2026-05-06,Cardiology,2,5,36,60,0.6,14.2,2,0,none
2026-05-06,Orthopedics,2,5,28,50,0.56,13.6,2,0,none
2026-05-06,Pediatrics,2,5,47,70,0.671,15.8,3,0,none
2026-05-06,Radiology,2,5,27,40,0.675,16.0,1,0,none
2026-05-07,Emergency,3,5,59,100,0.59,13.5,4,0,none
2026-05-07,OPD - General Medicine,3,5,89,150,0.593,13.2,5,0,none
2026-05-07,Cardiology,3,5,35,60,0.583,14.6,2,0,none
2026-05-07,Orthopedics,3,5,33,50,0.66,16.7,1,0,none
2026-05-07,Pediatrics,3,5,51,70,0.729,17.7,3,0,none
2026-05-07,Radiology,3,5,26,40,0.65,15.8,2,0,none
2026-05-08,Emergency,4,5,55,100,0.55,17.2,4,0,none
2026-05-08,OPD - General Medicine,4,5,96,150,0.64,16.5,5,0,none
2026-05-08,Cardiology,4,5,43,60,0.717,15.8,3,0,none
2026-05-08,Orthopedics,4,5,23,50,0.46,14.0,1,0,none
2026-05-08,Pediatrics,4,5,47,70,0.671,14.3,3,0,none
2026-05-08,Radiology,4,5,23,40,0.575,14.9,1,0,none
2026-05-09,Emergency,5,5,49,100,0.49,13.7,5,0,none
2026-05-09,OPD - General Medicine,5,5,89,150,0.593,14.8,5,0,none
2026-05-09,Cardiology,5,5,24,60,0.4,17.0,2,0,none
2026-05-09,Orthopedics,5,5,23,50,0.46,14.0,1,0,none
2026-05-09,Pediatrics,5,5,33,70,0.471,14.4,3,0,none
2026-05-09,Radiology,5,5,20,40,0.5,16.8,1,0,none
2026-05-10,Emergency,6,5,42,100,0.42,13.7,4,0,none
2026-05-10,OPD - General Medicine,6,5,99,150,0.66,16.8,7,0,none
2026-05-10,Cardiology,6,5,26,60,0.433,13.0,2,0,none
2026-05-10,Orthopedics,6,5,22,50,0.44,14.6,2,0,none
2026-05-10,Pediatrics,6,5,36,70,0.514,17.1,3,0,none
2026-05-10,Radiology,6,5,20,40,0.5,15.1,1,0,none
2026-05-11,Emergency,0,5,73,100,0.73,15.9,4,0,none
2026-05-11,OPD - General Medicine,0,5,98,150,0.653,15.8,5,0,none
2026-05-11,Cardiology,0,5,48,60,0.8,24.8,2,0,none
2026-05-11,Orthopedics,0,5,35,50,0.7,16.1,2,0,none
2026-05-11,Pediatrics,0,5,54,70,0.771,24.1,3,0,none
2026-05-11,Radiology,0,5,32,40,0.8,25.0,1,0,none
2026-05-12,Emergency,1,5,56,100,0.56,16.2,5,0,none
2026-05-12,OPD - General Medicine,1,5,138,150,0.92,37.8,6,0,none
2026-05-12,Cardiology,1,5,34,60,0.567,17.1,3,0,none
2026-05-12,Orthopedics,1,5,31,50,0.62,15.6,2,0,none
2026-05-12,Pediatrics,1,5,39,70,0.557,15.6,3,0,none
2026-05-12,Radiology,1,5,23,40,0.575,15.6,1,0,none
2026-05-13,Emergency,2,5,55,100,0.55,14.0,4,0,none
2026-05-13,OPD - General Medicine,2,5,126,150,0.84,35.7,6,0,none
2026-05-13,Cardiology,2,5,40,60,0.667,15.3,3,0,none
2026-05-13,Orthopedics,2,5,36,50,0.72,18.9,1,0,none
2026-05-13,Pediatrics,2,5,52,70,0.743,17.2,3,0,none
2026-05-13,Radiology,2,5,27,40,0.675,14.0,2,0,none
2026-05-14,Emergency,3,5,64,100,0.64,16.3,4,0,none
2026-05-14,OPD - General Medicine,3,5,115,150,0.767,23.7,5,0,none
2026-05-14,Cardiology,3,5,45,60,0.75,21.8,2,0,none
2026-05-14,Orthopedics,3,5,29,50,0.58,15.2,2,0,none
2026-05-14,Pediatrics,3,5,46,70,0.657,16.4,3,0,none
2026-05-14,Radiology,3,5,26,40,0.65,13.8,1,0,none
2026-05-15,Emergency,4,5,63,100,0.63,15.3,3,0,none
2026-05-15,OPD - General Medicine,4,5,95,150,0.633,16.5,6,0,none
2026-05-15,Cardiology,4,5,33,60,0.55,15.6,3,0,none
2026-05-15,Orthopedics,4,5,35,50,0.7,14.2,1,0,none
2026-05-15,Pediatrics,4,5,52,70,0.743,22.0,3,0,none
2026-05-15,Radiology,4,5,31,40,0.775,26.5,1,0,none
2026-05-16,Emergency,5,5,47,100,0.47,14.5,4,0,none
2026-05-16,OPD - General Medicine,5,5,88,150,0.587,16.2,6,0,none
2026-05-16,Cardiology,5,5,31,60,0.517,17.0,2,0,none
2026-05-16,Orthopedics,5,5,16,50,0.32,15.3,2,0,none
2026-05-16,Pediatrics,5,5,33,70,0.471,16.2,3,0,none
2026-05-16,Radiology,5,5,19,40,0.475,12.8,1,0,none
2026-05-17,Emergency,6,5,49,100,0.49,13.5,3,0,none
2026-05-17,OPD - General Medicine,6,5,99,150,0.66,17.1,5,0,none
2026-05-17,Cardiology,6,5,28,60,0.467,17.0,3,0,none
2026-05-17,Orthopedics,6,5,25,50,0.5,13.0,1,0,none
2026-05-17,Pediatrics,6,5,38,70,0.543,16.8,3,0,none
2026-05-17,Radiology,6,5,17,40,0.425,15.1,2,0,none
2026-05-18,Emergency,0,5,69,100,0.69,17.1,5,0,none
2026-05-18,OPD - General Medicine,0,5,151,150,1.007,49.7,6,0,none
2026-05-18,Cardiology,0,5,47,60,0.783,27.0,2,0,none
2026-05-18,Orthopedics,0,5,43,50,0.86,37.2,1,0,none
2026-05-18,Pediatrics,0,5,51,70,0.729,16.4,2,0,none
2026-05-18,Radiology,0,5,31,40,0.775,20.7,1,0,none
2026-05-19,Emergency,1,5,68,100,0.68,14.2,4,0,none
2026-05-19,OPD - General Medicine,1,5,116,150,0.773,20.6,6,0,none
2026-05-19,Cardiology,1,5,43,60,0.717,15.4,2,0,none
2026-05-19,Orthopedics,1,5,29,50,0.58,13.7,1,0,none
2026-05-19,Pediatrics,1,5,46,70,0.657,16.2,3,0,none
2026-05-19,Radiology,1,5,26,40,0.65,13.7,2,0,none
2026-05-20,Emergency,2,5,60,100,0.6,16.8,4,0,none
2026-05-20,OPD - General Medicine,2,5,101,150,0.673,17.0,6,0,none
2026-05-20,Cardiology,2,5,50,60,0.833,33.0,2,0,none
2026-05-20,Orthopedics,2,5,29,50,0.58,13.6,2,0,none
2026-05-20,Pediatrics,2,5,50,70,0.714,15.1,3,0,none
2026-05-20,Radiology,2,5,26,40,0.65,15.1,2,0,none
2026-05-21,Emergency,3,5,71,100,0.71,14.8,4,0,none
2026-05-21,OPD - General Medicine,3,5,111,150,0.74,17.7,5,0,none
2026-05-21,Cardiology,3,5,42,60,0.7,13.1,2,0,none
2026-05-21,Orthopedics,3,5,29,50,0.58,14.7,1,0,none
2026-05-21,Pediatrics,3,5,40,70,0.571,14.2,2,0,none
2026-05-21,Radiology,3,5,29,40,0.725,16.6,1,0,none
2026-05-22,Emergency,4,5,49,100,0.49,17.2,3,0,none
2026-05-22,OPD - General Medicine,4,5,121,150,0.807,28.8,7,0,none
2026-05-22,Cardiology,4,5,31,60,0.517,16.2,3,0,none
2026-05-22,Orthopedics,4,5,24,50,0.48,14.2,2,0,none
2026-05-22,Pediatrics,4,5,47,70,0.671,13.3,3,0,none
2026-05-22,Radiology,4,5,29,40,0.725,20.0,1,0,none
2026-05-23,Emergency,5,5,38,100,0.38,13.6,4,0,none
2026-05-23,OPD - General Medicine,5,5,109,150,0.727,20.5,5,0,none
2026-05-23,Cardiology,5,5,34,60,0.567,13.5,3,0,none
2026-05-23,Orthopedics,5,5,26,50,0.52,15.2,1,0,none
2026-05-23,Pediatrics,5,5,30,70,0.429,15.7,3,0,none
2026-05-23,Radiology,5,5,20,40,0.5,15.5,2,0,none
2026-05-24,Emergency,6,5,50,100,0.5,14.5,4,0,none
2026-05-24,OPD - General Medicine,6,5,93,150,0.62,17.0,6,0,none
2026-05-24,Cardiology,6,5,29,60,0.483,13.9,3,0,none
2026-05-24,Orthopedics,6,5,18,50,0.36,17.0,2,0,none
2026-05-24,Pediatrics,6,5,34,70,0.486,12.8,2,0,none
2026-05-24,Radiology,6,5,23,40,0.575,13.2,1,0,none
2026-05-25,Emergency,0,5,67,100,0.67,13.4,4,0,none
2026-05-25,OPD - General Medicine,0,5,126,150,0.84,30.8,7,0,none
2026-05-25,Cardiology,0,5,51,60,0.85,34.2,3,0,none
2026-05-25,Orthopedics,0,5,42,50,0.84,34.0,2,0,none
2026-05-25,Pediatrics,0,5,57,70,0.814,25.8,3,0,none
2026-05-25,Radiology,0,5,33,40,0.825,33.7,1,0,none
2026-05-26,Emergency,1,5,50,100,0.5,15.6,3,0,none
2026-05-26,OPD - General Medicine,1,5,112,150,0.747,19.8,6,0,none
2026-05-26,Cardiology,1,5,48,60,0.8,28.1,2,0,none
2026-05-26,Orthopedics,1,5,32,50,0.64,16.3,2,0,none
2026-05-26,Pediatrics,1,5,44,70,0.629,15.5,3,0,none
2026-05-26,Radiology,1,5,25,40,0.625,12.8,1,0,none
2026-05-27,Emergency,2,5,53,100,0.53,15.6,3,0,none
2026-05-27,OPD - General Medicine,2,5,129,150,0.86,36.5,7,0,none
2026-05-27,Cardiology,2,5,46,60,0.767,23.0,2,0,none
2026-05-27,Orthopedics,2,5,30,50,0.6,14.4,2,0,none
2026-05-27,Pediatrics,2,5,45,70,0.643,12.9,3,0,none
2026-05-27,Radiology,2,5,25,40,0.625,17.0,1,0,none
2026-05-28,Emergency,3,5,61,100,0.61,15.1,3,0,none
2026-05-28,OPD - General Medicine,3,5,112,150,0.747,20.0,6,0,none
2026-05-28,Cardiology,3,5,42,60,0.7,15.5,3,0,none
2026-05-28,Orthopedics,3,5,34,50,0.68,13.1,2,0,none
2026-05-28,Pediatrics,3,5,54,70,0.771,20.9,2,0,none
2026-05-28,Radiology,3,5,27,40,0.675,17.2,1,0,none
2026-05-29,Emergency,4,5,67,100,0.67,16.6,4,0,none
2026-05-29,OPD - General Medicine,4,5,107,150,0.713,16.9,7,0,none
2026-05-29,Cardiology,4,5,44,60,0.733,18.2,2,0,none
2026-05-29,Orthopedics,4,5,33,50,0.66,12.9,2,0,none
2026-05-29,Pediatrics,4,5,44,70,0.629,14.9,2,0,none
2026-05-29,Radiology,4,5,30,40,0.75,20.9,2,1,medium
2026-05-30,Emergency,5,5,37,100,0.37,16.5,4,0,none
2026-05-30,OPD - General Medicine,5,5,85,150,0.567,13.9,8,0,none
2026-05-30,Cardiology,5,5,32,60,0.533,16.5,3,0,none
2026-05-30,Orthopedics,5,5,28,50,0.56,15.1,2,0,none
2026-05-30,Pediatrics,5,5,25,70,0.357,14.8,3,0,none
2026-05-30,Radiology,5,5,14,40,0.35,15.7,1,0,none
2026-05-31,Emergency,6,5,43,100,0.43,13.4,3,0,none
2026-05-31,OPD - General Medicine,6,5,78,150,0.52,14.2,7,0,none
2026-05-31,Cardiology,6,5,33,60,0.55,14.2,2,0,none
2026-05-31,Orthopedics,6,5,23,50,0.46,15.3,2,0,none
2026-05-31,Pediatrics,6,5,43,70,0.614,14.9,2,0,none
2026-05-31,Radiology,6,5,23,40,0.575,13.8,2,0,none
2026-06-01,Emergency,0,6,60,100,0.6,15.7,3,0,none
2026-06-01,OPD - General Medicine,0,6,114,150,0.76,25.5,7,0,none
2026-06-01,Cardiology,0,6,44,60,0.733,16.8,3,0,none
2026-06-01,Orthopedics,0,6,36,50,0.72,19.0,2,0,none
2026-06-01,Pediatrics,0,6,54,70,0.771,26.0,3,0,none
2026-06-01,Radiology,0,6,32,40,0.8,27.0,1,0,none
2026-06-02,Emergency,1,6,51,100,0.51,16.7,5,0,none
2026-06-02,OPD - General Medicine,1,6,102,150,0.68,12.8,7,0,none
2026-06-02,Cardiology,1,6,34,60,0.567,16.9,2,0,none
2026-06-02,Orthopedics,1,6,31,50,0.62,16.8,2,0,none
2026-06-02,Pediatrics,1,6,34,70,0.486,16.4,3,0,none
2026-06-02,Radiology,1,6,25,40,0.625,14.6,1,0,none
2026-06-03,Emergency,2,6,56,100,0.56,16.9,5,0,none
2026-06-03,OPD - General Medicine,2,6,114,150,0.76,22.8,7,0,none
2026-06-03,Cardiology,2,6,37,60,0.617,16.7,3,0,none
2026-06-03,Orthopedics,2,6,29,50,0.58,14.1,2,0,none
2026-06-03,Pediatrics,2,6,44,70,0.629,13.4,3,0,none
2026-06-03,Radiology,2,6,18,40,0.45,14.5,1,0,none
2026-06-04,Emergency,3,6,58,100,0.58,13.4,3,0,none
2026-06-04,OPD - General Medicine,3,6,129,150,0.86,36.8,7,0,none
2026-06-04,Cardiology,3,6,40,60,0.667,15.1,3,0,none
2026-06-04,Orthopedics,3,6,28,50,0.56,13.3,2,0,none
2026-06-04,Pediatrics,3,6,40,70,0.571,16.7,3,0,none
2026-06-04,Radiology,3,6,19,40,0.475,14.3,2,0,none
2026-06-05,Emergency,4,6,60,100,0.6,14.5,3,0,none
2026-06-05,OPD - General Medicine,4,6,105,150,0.7,13.6,6,0,none
2026-06-05,Cardiology,4,6,30,60,0.5,14.6,2,0,none
2026-06-05,Orthopedics,4,6,29,50,0.58,16.7,2,0,none
2026-06-05,Pediatrics,4,6,42,70,0.6,15.1,3,0,none
2026-06-05,Radiology,4,6,18,40,0.45,15.3,2,0,none
2026-06-06,Emergency,5,6,44,100,0.44,14.9,4,0,none
2026-06-06,OPD - General Medicine,5,6,90,150,0.6,15.7,7,0,none
2026-06-06,Cardiology,5,6,24,60,0.4,13.8,2,0,none
2026-06-06,Orthopedics,5,6,17,50,0.34,15.1,2,0,none
2026-06-06,Pediatrics,5,6,33,70,0.471,13.2,2,0,none
2026-06-06,Radiology,5,6,17,40,0.425,17.2,2,0,none
2026-06-07,Emergency,6,6,47,100,0.47,14.7,5,0,none
2026-06-07,OPD - General Medicine,6,6,65,150,0.433,16.9,6,0,none
2026-06-07,Cardiology,6,6,25,60,0.417,15.1,2,0,none
2026-06-07,Orthopedics,6,6,24,50,0.48,13.9,2,0,none
2026-06-07,Pediatrics,6,6,26,70,0.371,14.0,3,0,none
2026-06-07,Radiology,6,6,17,40,0.425,14.0,1,0,none
2026-06-08,Emergency,0,6,77,100,0.77,20.2,4,0,none
2026-06-08,OPD - General Medicine,0,6,150,150,1.0,58.2,5,0,none
2026-06-08,Cardiology,0,6,45,60,0.75,19.4,2,0,none
2026-06-08,Orthopedics,0,6,32,50,0.64,14.2,2,0,none
2026-06-08,Pediatrics,0,6,49,70,0.7,13.0,3,0,none
2026-06-08,Radiology,0,6,24,40,0.6,13.7,1,0,none
2026-06-09,Emergency,1,6,54,100,0.54,13.5,4,0,none
2026-06-09,OPD - General Medicine,1,6,107,150,0.713,17.5,7,0,none
2026-06-09,Cardiology,1,6,37,60,0.617,13.4,3,0,none
2026-06-09,Orthopedics,1,6,26,50,0.52,13.8,2,0,none
2026-06-09,Pediatrics,1,6,31,70,0.443,15.8,3,0,none
2026-06-09,Radiology,1,6,24,40,0.6,15.6,1,0,none
2026-06-10,Emergency,2,6,61,100,0.61,14.0,4,0,none
2026-06-10,OPD - General Medicine,2,6,124,150,0.827,30.8,7,0,none
2026-06-10,Cardiology,2,6,38,60,0.633,14.6,2,0,none
2026-06-10,Orthopedics,2,6,31,50,0.62,13.3,1,0,none
2026-06-10,Pediatrics,2,6,32,70,0.457,17.1,3,0,none
2026-06-10,Radiology,2,6,23,40,0.575,15.2,1,0,none
2026-06-11,Emergency,3,6,46,100,0.46,13.8,3,0,none
2026-06-11,OPD - General Medicine,3,6,126,150,0.84,32.2,7,0,none
2026-06-11,Cardiology,3,6,43,60,0.717,14.8,2,0,none
2026-06-11,Orthopedics,3,6,27,50,0.54,13.4,1,0,none
2026-06-11,Pediatrics,3,6,37,70,0.529,12.9,2,0,none
2026-06-11,Radiology,3,6,23,40,0.575,14.0,1,0,none
2026-06-12,Emergency,4,6,55,100,0.55,12.8,4,0,none
2026-06-12,OPD - General Medicine,4,6,100,150,0.667,16.2,7,0,none
2026-06-12,Cardiology,4,6,29,60,0.483,16.5,2,0,none
2026-06-12,Orthopedics,4,6,24,50,0.48,13.0,2,0,none
2026-06-12,Pediatrics,4,6,38,70,0.543,14.4,3,0,none
2026-06-12,Radiology,4,6,20,40,0.5,17.1,1,0,none
2026-06-13,Emergency,5,6,41,100,0.41,17.1,5,0,none
2026-06-13,OPD - General Medicine,5,6,87,150,0.58,15.4,5,0,none
2026-06-13,Cardiology,5,6,26,60,0.433,16.5,2,0,none
2026-06-13,Orthopedics,5,6,20,50,0.4,14.4,2,0,none
2026-06-13,Pediatrics,5,6,26,70,0.371,14.8,3,0,none
2026-06-13,Radiology,5,6,14,40,0.35,15.8,1,0,none
2026-06-14,Emergency,6,6,48,100,0.48,16.4,5,0,none
2026-06-14,OPD - General Medicine,6,6,83,150,0.553,14.6,5,0,none
2026-06-14,Cardiology,6,6,26,60,0.433,13.7,3,0,none
2026-06-14,Orthopedics,6,6,17,50,0.34,15.0,2,0,none
2026-06-14,Pediatrics,6,6,28,70,0.4,15.3,2,0,none
2026-06-14,Radiology,6,6,19,40,0.475,14.9,1,0,none
2026-06-15,Emergency,0,6,69,100,0.69,13.3,3,0,none
2026-06-15,OPD - General Medicine,0,6,133,150,0.887,42.4,5,0,none
2026-06-15,Cardiology,0,6,43,60,0.717,16.1,3,0,none
2026-06-15,Orthopedics,0,6,35,50,0.7,13.7,2,0,none
2026-06-15,Pediatrics,0,6,52,70,0.743,21.2,2,0,none
2026-06-15,Radiology,0,6,27,40,0.675,14.6,1,0,none
2026-06-16,Emergency,1,6,50,100,0.5,13.9,4,0,none
2026-06-16,OPD - General Medicine,1,6,113,150,0.753,18.9,7,0,none
2026-06-16,Cardiology,1,6,37,60,0.617,14.7,2,0,none
2026-06-16,Orthopedics,1,6,26,50,0.52,14.3,1,0,none
2026-06-16,Pediatrics,1,6,43,70,0.614,13.0,3,0,none
2026-06-16,Radiology,1,6,20,40,0.5,15.3,1,0,none
2026-06-17,Emergency,2,6,64,100,0.64,15.0,3,0,none
2026-06-17,OPD - General Medicine,2,6,91,150,0.607,13.2,6,0,none
2026-06-17,Cardiology,2,6,28,60,0.467,13.4,2,0,none
2026-06-17,Orthopedics,2,6,42,50,0.84,32.9,2,1,critical
2026-06-17,Pediatrics,2,6,43,70,0.614,14.9,3,0,none
2026-06-17,Radiology,2,6,28,40,0.7,14.6,1,0,none
2026-06-18,Emergency,3,6,64,100,0.64,16.4,4,0,none
2026-06-18,OPD - General Medicine,3,6,93,150,0.62,15.3,7,0,none
2026-06-18,Cardiology,3,6,39,60,0.65,14.7,2,0,none
2026-06-18,Orthopedics,3,6,24,50,0.48,13.3,1,0,none
2026-06-18,Pediatrics,3,6,53,70,0.757,20.1,2,0,none
2026-06-18,Radiology,3,6,21,40,0.525,15.3,1,0,none
2026-06-19,Emergency,4,6,54,100,0.54,15.3,3,0,none
2026-06-19,OPD - General Medicine,4,6,140,150,0.933,41.1,7,0,none
2026-06-19,Cardiology,4,6,37,60,0.617,15.8,2,0,none
2026-06-19,Orthopedics,4,6,29,50,0.58,14.2,2,0,none
2026-06-19,Pediatrics,4,6,38,70,0.543,13.5,2,0,none
2026-06-19,Radiology,4,6,22,40,0.55,15.1,1,0,none
2026-06-20,Emergency,5,6,38,100,0.38,16.4,5,0,none
2026-06-20,OPD - General Medicine,5,6,71,150,0.473,14.3,6,0,none
2026-06-20,Cardiology,5,6,26,60,0.433,14.4,3,0,none
2026-06-20,Orthopedics,5,6,23,50,0.46,13.9,2,0,none
2026-06-20,Pediatrics,5,6,35,70,0.5,15.2,2,0,none
2026-06-20,Radiology,5,6,16,40,0.4,14.5,1,0,none
2026-06-21,Emergency,6,6,37,100,0.37,16.6,3,0,none
2026-06-21,OPD - General Medicine,6,6,90,150,0.6,14.2,8,0,none
2026-06-21,Cardiology,6,6,27,60,0.45,13.2,2,0,none
2026-06-21,Orthopedics,6,6,20,50,0.4,16.8,1,0,none
2026-06-21,Pediatrics,6,6,33,70,0.471,14.2,2,0,none
2026-06-21,Radiology,6,6,21,40,0.525,15.8,1,0,none
2026-06-22,Emergency,0,6,71,100,0.71,15.5,3,0,none
2026-06-22,OPD - General Medicine,0,6,112,150,0.747,19.1,5,0,none
2026-06-22,Cardiology,0,6,52,60,0.867,40.2,2,0,none
2026-06-22,Orthopedics,0,6,27,50,0.54,17.1,1,0,none
2026-06-22,Pediatrics,0,6,41,70,0.586,16.4,3,0,none
2026-06-22,Radiology,0,6,32,40,0.8,24.7,1,0,none
2026-06-23,Emergency,1,6,59,100,0.59,15.1,4,0,none
2026-06-23,OPD - General Medicine,1,6,112,150,0.747,19.5,5,0,none
2026-06-23,Cardiology,1,6,36,60,0.6,16.0,2,0,none
2026-06-23,Orthopedics,1,6,21,50,0.42,13.3,1,0,none
2026-06-23,Pediatrics,1,6,47,70,0.671,16.3,3,0,none
2026-06-23,Radiology,1,6,22,40,0.55,13.2,2,0,none
2026-06-24,Emergency,2,6,61,100,0.61,14.1,4,0,none
2026-06-24,OPD - General Medicine,2,6,115,150,0.767,19.6,6,0,none
2026-06-24,Cardiology,2,6,38,60,0.633,13.3,2,0,none
2026-06-24,Orthopedics,2,6,24,50,0.48,16.3,2,0,none
2026-06-24,Pediatrics,2,6,48,70,0.686,15.3,3,0,none
2026-06-24,Radiology,2,6,24,40,0.6,16.8,2,0,none
2026-06-25,Emergency,3,6,57,100,0.57,13.4,5,0,none
2026-06-25,OPD - General Medicine,3,6,110,150,0.733,20.6,8,0,none
2026-06-25,Cardiology,3,6,38,60,0.633,14.4,2,0,none
2026-06-25,Orthopedics,3,6,28,50,0.56,16.0,1,0,none
2026-06-25,Pediatrics,3,6,39,70,0.557,15.8,3,0,none
2026-06-25,Radiology,3,6,21,40,0.525,14.8,1,0,none
2026-06-26,Emergency,4,6,53,100,0.53,15.1,5,0,none
2026-06-26,OPD - General Medicine,4,6,119,150,0.793,28.0,7,0,none
2026-06-26,Cardiology,4,6,46,60,0.767,20.4,2,0,none
2026-06-26,Orthopedics,4,6,28,50,0.56,17.2,2,0,none
2026-06-26,Pediatrics,4,6,27,70,0.386,13.1,2,0,none
2026-06-26,Radiology,4,6,19,40,0.475,13.3,1,0,none
2026-06-27,Emergency,5,6,35,100,0.35,14.5,3,0,none
2026-06-27,OPD - General Medicine,5,6,97,150,0.647,16.9,7,0,none
2026-06-27,Cardiology,5,6,28,60,0.467,17.0,3,0,none
2026-06-27,Orthopedics,5,6,17,50,0.34,12.8,1,0,none
2026-06-27,Pediatrics,5,6,35,70,0.5,15.3,3,0,none
2026-06-27,Radiology,5,6,13,40,0.325,16.0,1,0,none
2026-06-28,Emergency,6,6,33,100,0.33,16.0,4,0,none
2026-06-28,OPD - General Medicine,6,6,75,150,0.5,13.3,7,0,none
2026-06-28,Cardiology,6,6,21,60,0.35,14.0,2,0,none
2026-06-28,Orthopedics,6,6,22,50,0.44,16.1,2,0,none
2026-06-28,Pediatrics,6,6,28,70,0.4,15.2,2,0,none
2026-06-28,Radiology,6,6,14,40,0.35,16.9,1,0,none
2026-06-29,Emergency,0,6,70,100,0.7,15.5,4,0,none
2026-06-29,OPD - General Medicine,0,6,131,150,0.873,33.8,6,0,none
2026-06-29,Cardiology,0,6,46,60,0.767,21.4,3,0,none
2026-06-29,Orthopedics,0,6,37,50,0.74,17.6,2,0,none
2026-06-29,Pediatrics,0,6,40,70,0.571,15.0,3,0,none
2026-06-29,Radiology,0,6,33,40,0.825,29.3,1,0,none
2026-06-30,Emergency,1,6,61,100,0.61,15.0,5,0,none
2026-06-30,OPD - General Medicine,1,6,100,150,0.667,16.9,5,0,none
2026-06-30,Cardiology,1,6,41,60,0.683,16.0,2,0,none
2026-06-30,Orthopedics,1,6,38,50,0.76,25.2,2,0,none
2026-06-30,Pediatrics,1,6,37,70,0.529,16.5,3,0,none
2026-06-30,Radiology,1,6,22,40,0.55,14.1,1,0,none
2026-07-01,Emergency,2,7,52,100,0.52,14.3,4,0,none
2026-07-01,OPD - General Medicine,2,7,93,150,0.62,15.2,7,0,none
2026-07-01,Cardiology,2,7,41,60,0.683,12.8,3,0,none
2026-07-01,Orthopedics,2,7,23,50,0.46,14.4,2,0,none
2026-07-01,Pediatrics,2,7,38,70,0.543,16.5,3,0,none
2026-07-01,Radiology,2,7,23,40,0.575,12.9,1,0,none
2026-07-02,Emergency,3,7,50,100,0.5,15.1,4,0,none
2026-07-02,OPD - General Medicine,3,7,98,150,0.653,13.9,7,0,none
2026-07-02,Cardiology,3,7,42,60,0.7,14.6,3,0,none
2026-07-02,Orthopedics,3,7,26,50,0.52,16.7,2,0,none
2026-07-02,Pediatrics,3,7,41,70,0.586,15.8,2,0,none
2026-07-02,Radiology,3,7,26,40,0.65,14.6,1,0,none
2026-07-03,Emergency,4,7,60,100,0.6,15.3,3,0,none
2026-07-03,OPD - General Medicine,4,7,107,150,0.713,18.5,8,0,none
2026-07-03,Cardiology,4,7,32,60,0.533,14.3,2,0,none
2026-07-03,Orthopedics,4,7,35,50,0.7,15.8,1,0,none
2026-07-03,Pediatrics,4,7,36,70,0.514,15.9,3,0,none
2026-07-03,Radiology,4,7,23,40,0.575,16.4,2,0,none
2026-07-04,Emergency,5,7,39,100,0.39,15.8,4,0,none
2026-07-04,OPD - General Medicine,5,7,82,150,0.547,14.1,8,0,none
2026-07-04,Cardiology,5,7,29,60,0.483,13.6,2,0,none
2026-07-04,Orthopedics,5,7,21,50,0.42,17.2,2,0,none
2026-07-04,Pediatrics,5,7,31,70,0.443,16.5,2,0,none
2026-07-04,Radiology,5,7,16,40,0.4,13.6,1,0,none
2026-07-05,Emergency,6,7,43,100,0.43,12.8,3,0,none
2026-07-05,OPD - General Medicine,6,7,57,150,0.38,15.3,6,0,none
2026-07-05,Cardiology,6,7,26,60,0.433,14.8,2,0,none
2026-07-05,Orthopedics,6,7,19,50,0.38,14.9,2,0,none
2026-07-05,Pediatrics,6,7,26,70,0.371,17.2,2,0,none
2026-07-05,Radiology,6,7,13,40,0.325,13.8,1,0,none
2026-07-06,Emergency,0,7,66,100,0.66,17.2,5,0,none
2026-07-06,OPD - General Medicine,0,7,117,150,0.78,22.8,7,0,none
2026-07-06,Cardiology,0,7,44,60,0.733,18.3,2,0,none
2026-07-06,Orthopedics,0,7,31,50,0.62,15.3,2,0,none
2026-07-06,Pediatrics,0,7,59,70,0.843,28.0,3,0,none
2026-07-06,Radiology,0,7,29,40,0.725,18.7,1,0,none
2026-07-07,Emergency,1,7,55,100,0.55,16.0,5,0,none
2026-07-07,OPD - General Medicine,1,7,94,150,0.627,17.2,8,0,none
2026-07-07,Cardiology,1,7,32,60,0.533,16.2,2,0,none
2026-07-07,Orthopedics,1,7,25,50,0.5,13.3,2,0,none
2026-07-07,Pediatrics,1,7,41,70,0.586,15.9,3,0,none
2026-07-07,Radiology,1,7,30,40,0.75,21.1,1,0,none
2026-07-08,Emergency,2,7,53,100,0.53,14.8,3,0,none
2026-07-08,OPD - General Medicine,2,7,127,150,0.847,30.6,6,0,none
2026-07-08,Cardiology,2,7,36,60,0.6,15.1,2,0,none
2026-07-08,Orthopedics,2,7,24,50,0.48,17.1,1,0,none
2026-07-08,Pediatrics,2,7,31,70,0.443,16.7,3,0,none
2026-07-08,Radiology,2,7,20,40,0.5,14.8,1,0,none
2026-07-09,Emergency,3,7,55,100,0.55,14.9,4,0,none
2026-07-09,OPD - General Medicine,3,7,90,150,0.6,15.2,7,0,none
2026-07-09,Cardiology,3,7,34,60,0.567,13.0,2,0,none
2026-07-09,Orthopedics,3,7,26,50,0.52,13.1,2,0,none
2026-07-09,Pediatrics,3,7,43,70,0.614,14.2,3,0,none
2026-07-09,Radiology,3,7,24,40,0.6,14.8,1,0,none
2026-07-10,Emergency,4,7,50,100,0.5,13.0,4,0,none
2026-07-10,OPD - General Medicine,4,7,100,150,0.667,17.0,6,0,none
2026-07-10,Cardiology,4,7,38,60,0.633,16.2,2,0,none
2026-07-10,Orthopedics,4,7,26,50,0.52,14.1,2,0,none
2026-07-10,Pediatrics,4,7,42,70,0.6,17.2,3,0,none
2026-07-10,Radiology,4,7,22,40,0.55,13.6,1,0,none
2026-07-11,Emergency,5,7,44,100,0.44,15.6,4,0,none
2026-07-11,OPD - General Medicine,5,7,87,150,0.58,14.7,8,0,none
2026-07-11,Cardiology,5,7,22,60,0.367,13.0,2,0,none
2026-07-11,Orthopedics,5,7,21,50,0.42,17.2,1,0,none
2026-07-11,Pediatrics,5,7,26,70,0.371,16.1,3,0,none
2026-07-11,Radiology,5,7,20,40,0.5,14.2,1,0,none
2026-07-12,Emergency,6,7,44,100,0.44,16.1,4,0,none
2026-07-12,OPD - General Medicine,6,7,87,150,0.58,15.9,7,0,none
2026-07-12,Cardiology,6,7,26,60,0.433,16.1,2,0,none
2026-07-12,Orthopedics,6,7,24,50,0.48,15.6,2,0,none
2026-07-12,Pediatrics,6,7,26,70,0.371,14.5,3,0,none
2026-07-12,Radiology,6,7,17,40,0.425,15.9,1,0,none
2026-07-13,Emergency,0,7,66,100,0.66,13.5,3,0,none
2026-07-13,OPD - General Medicine,0,7,124,150,0.827,32.8,6,0,none
2026-07-13,Cardiology,0,7,44,60,0.733,16.5,2,0,none
2026-07-13,Orthopedics,0,7,32,50,0.64,17.1,2,0,none
2026-07-13,Pediatrics,0,7,43,70,0.614,15.3,3,0,none
2026-07-13,Radiology,0,7,33,40,0.825,34.2,1,0,none
2026-07-14,Emergency,1,7,55,100,0.55,15.6,4,0,none
2026-07-14,OPD - General Medicine,1,7,100,150,0.667,15.0,7,0,none
2026-07-14,Cardiology,1,7,36,60,0.6,14.0,2,0,none
2026-07-14,Orthopedics,1,7,26,50,0.52,15.3,2,0,none
2026-07-14,Pediatrics,1,7,38,70,0.543,13.6,3,0,none
2026-07-14,Radiology,1,7,21,40,0.525,15.5,1,0,none
2026-07-15,Emergency,2,7,53,100,0.53,16.3,3,0,none
2026-07-15,OPD - General Medicine,2,7,89,150,0.593,17.0,7,0,none
2026-07-15,Cardiology,2,7,45,60,0.75,18.5,2,0,none
2026-07-15,Orthopedics,2,7,26,50,0.52,13.7,1,0,none
2026-07-15,Pediatrics,2,7,37,70,0.529,16.9,2,0,none
2026-07-15,Radiology,2,7,27,40,0.675,16.3,1,0,none
2026-07-16,Emergency,3,7,51,100,0.51,15.1,4,0,none
2026-07-16,OPD - General Medicine,3,7,104,150,0.693,13.0,5,0,none
2026-07-16,Cardiology,3,7,31,60,0.517,14.2,2,0,none
2026-07-16,Orthopedics,3,7,27,50,0.54,15.7,2,0,none
2026-07-16,Pediatrics,3,7,41,70,0.586,14.4,3,0,none
2026-07-16,Radiology,3,7,25,40,0.625,15.5,1,0,none
2026-07-17,Emergency,4,7,51,100,0.51,13.5,4,0,none
2026-07-17,OPD - General Medicine,4,7,95,150,0.633,12.8,7,0,none
2026-07-17,Cardiology,4,7,36,60,0.6,14.2,2,0,none
2026-07-17,Orthopedics,4,7,31,50,0.62,15.8,1,0,none
2026-07-17,Pediatrics,4,7,42,70,0.6,16.4,3,0,none
2026-07-17,Radiology,4,7,23,40,0.575,13.6,1,0,none
2026-07-18,Emergency,5,7,38,100,0.38,17.1,4,0,none
2026-07-18,OPD - General Medicine,5,7,87,150,0.58,13.3,6,0,none
2026-07-18,Cardiology,5,7,32,60,0.533,16.5,2,0,none
2026-07-18,Orthopedics,5,7,19,50,0.38,13.7,1,0,none
2026-07-18,Pediatrics,5,7,35,70,0.5,12.8,3,0,none
2026-07-18,Radiology,5,7,19,40,0.475,14.0,1,0,none
2026-07-19,Emergency,6,7,38,100,0.38,13.3,4,0,none
2026-07-19,OPD - General Medicine,6,7,81,150,0.54,16.7,5,0,none
2026-07-19,Cardiology,6,7,29,60,0.483,13.5,3,0,none
2026-07-19,Orthopedics,6,7,22,50,0.44,14.0,2,0,none
2026-07-19,Pediatrics,6,7,24,70,0.343,16.3,3,0,none
2026-07-19,Radiology,6,7,16,40,0.4,14.9,1,0,none
2026-07-20,Emergency,0,7,73,100,0.73,17.0,3,0,none
2026-07-20,OPD - General Medicine,0,7,110,150,0.733,21.7,5,0,none
2026-07-20,Cardiology,0,7,55,60,0.917,43.6,3,0,none
2026-07-20,Orthopedics,0,7,36,50,0.72,19.7,2,0,none
2026-07-20,Pediatrics,0,7,48,70,0.686,14.1,3,0,none
2026-07-20,Radiology,0,7,25,40,0.625,13.8,1,0,none
2026-07-21,Emergency,1,7,51,100,0.51,14.4,5,0,none
2026-07-21,OPD - General Medicine,1,7,132,150,0.88,31.6,5,0,none
2026-07-21,Cardiology,1,7,27,60,0.45,14.6,2,0,none
2026-07-21,Orthopedics,1,7,21,50,0.42,13.9,2,0,none
2026-07-21,Pediatrics,1,7,43,70,0.614,16.0,3,0,none
2026-07-21,Radiology,1,7,20,40,0.5,16.7,1,0,none
2026-07-22,Emergency,2,7,44,100,0.44,14.4,4,0,none
2026-07-22,OPD - General Medicine,2,7,107,150,0.713,16.8,5,0,none
2026-07-22,Cardiology,2,7,36,60,0.6,13.5,2,0,none
2026-07-22,Orthopedics,2,7,24,50,0.48,13.8,2,0,none
2026-07-22,Pediatrics,2,7,39,70,0.557,16.8,3,0,none
2026-07-22,Radiology,2,7,23,40,0.575,14.9,1,0,none
2026-07-23,Emergency,3,7,57,100,0.57,13.6,3,0,none
2026-07-23,OPD - General Medicine,3,7,99,150,0.66,13.2,7,0,none
2026-07-23,Cardiology,3,7,37,60,0.617,16.2,2,0,none
2026-07-23,Orthopedics,3,7,25,50,0.5,15.9,2,0,none
2026-07-23,Pediatrics,3,7,42,70,0.6,16.3,3,0,none
2026-07-23,Radiology,3,7,20,40,0.5,16.2,1,0,none
2026-07-24,Emergency,4,7,55,100,0.55,15.0,4,0,none
2026-07-24,OPD - General Medicine,4,7,111,150,0.74,18.3,7,0,none
2026-07-24,Cardiology,4,7,43,60,0.717,18.7,3,0,none
2026-07-24,Orthopedics,4,7,31,50,0.62,15.7,2,0,none
2026-07-24,Pediatrics,4,7,39,70,0.557,15.4,3,0,none
2026-07-24,Radiology,4,7,24,40,0.6,13.1,1,0,none
2026-07-25,Emergency,5,7,42,100,0.42,15.8,4,0,none
2026-07-25,OPD - General Medicine,5,7,68,150,0.453,13.3,5,0,none
2026-07-25,Cardiology,5,7,26,60,0.433,17.1,2,0,none
2026-07-25,Orthopedics,5,7,21,50,0.42,16.0,2,0,none
2026-07-25,Pediatrics,5,7,33,70,0.471,16.4,2,0,none
2026-07-25,Radiology,5,7,16,40,0.4,17.0,2,0,none
2026-07-26,Emergency,6,7,39,100,0.39,14.0,3,0,none
2026-07-26,OPD - General Medicine,6,7,91,150,0.607,15.3,6,0,none
2026-07-26,Cardiology,6,7,24,60,0.4,13.9,2,0,none
2026-07-26,Orthopedics,6,7,21,50,0.42,13.1,2,0,none
2026-07-26,Pediatrics,6,7,27,70,0.386,16.1,2,0,none
2026-07-26,Radiology,6,7,17,40,0.425,13.7,1,0,none
2026-07-27,Emergency,0,7,78,100,0.78,26.4,5,0,none
2026-07-27,OPD - General Medicine,0,7,131,150,0.873,41.0,6,0,none
2026-07-27,Cardiology,0,7,43,60,0.717,18.5,2,0,none
2026-07-27,Orthopedics,0,7,35,50,0.7,16.2,2,0,none
2026-07-27,Pediatrics,0,7,61,70,0.871,38.9,2,0,none
2026-07-27,Radiology,0,7,28,40,0.7,14.7,2,0,none
2026-07-28,Emergency,1,7,58,100,0.58,16.7,3,0,none
2026-07-28,OPD - General Medicine,1,7,106,150,0.707,13.6,7,0,none
2026-07-28,Cardiology,1,7,36,60,0.6,16.2,2,0,none
2026-07-28,Orthopedics,1,7,29,50,0.58,16.2,2,0,none
2026-07-28,Pediatrics,1,7,39,70,0.557,15.6,2,0,none
2026-07-28,Radiology,1,7,25,40,0.625,13.2,1,0,none
2026-07-29,Emergency,2,7,52,100,0.52,14.1,5,0,none
2026-07-29,OPD - General Medicine,2,7,116,150,0.773,21.9,5,0,none
2026-07-29,Cardiology,2,7,38,60,0.633,16.7,3,0,none
2026-07-29,Orthopedics,2,7,30,50,0.6,14.9,2,0,none
2026-07-29,Pediatrics,2,7,42,70,0.6,14.0,2,0,none
2026-07-29,Radiology,2,7,24,40,0.6,14.7,1,0,none
2026-07-30,Emergency,3,7,56,100,0.56,17.0,4,0,none
2026-07-30,OPD - General Medicine,3,7,107,150,0.713,15.3,7,0,none
2026-07-30,Cardiology,3,7,30,60,0.5,16.6,2,0,none
2026-07-30,Orthopedics,3,7,26,50,0.52,14.8,2,0,none
2026-07-30,Pediatrics,3,7,35,70,0.5,13.3,3,0,none
2026-07-30,Radiology,3,7,25,40,0.625,13.9,1,0,none
2026-07-31,Emergency,4,7,70,100,0.7,13.8,4,1,critical
2026-07-31,OPD - General Medicine,4,7,120,150,0.8,24.5,7,0,none
2026-07-31,Cardiology,4,7,35,60,0.583,15.0,2,0,none
2026-07-31,Orthopedics,4,7,31,50,0.62,14.0,2,0,none
2026-07-31,Pediatrics,4,7,42,70,0.6,14.3,3,0,none
2026-07-31,Radiology,4,7,21,40,0.525,16.4,1,0,none
2026-08-01,Emergency,5,8,38,100,0.38,13.1,4,0,none
2026-08-01,OPD - General Medicine,5,8,84,150,0.56,15.3,7,0,none
2026-08-01,Cardiology,5,8,31,60,0.517,14.6,2,0,none
2026-08-01,Orthopedics,5,8,21,50,0.42,16.7,2,0,none
2026-08-01,Pediatrics,5,8,31,70,0.443,16.6,3,0,none
2026-08-01,Radiology,5,8,20,40,0.5,16.8,2,0,none
2026-08-02,Emergency,6,8,41,100,0.41,13.4,4,0,none
2026-08-02,OPD - General Medicine,6,8,79,150,0.527,17.1,6,0,none
2026-08-02,Cardiology,6,8,27,60,0.45,16.0,2,0,none
2026-08-02,Orthopedics,6,8,20,50,0.4,15.5,2,0,none
2026-08-02,Pediatrics,6,8,27,70,0.386,17.2,3,0,none
2026-08-02,Radiology,6,8,18,40,0.45,15.4,1,0,none
2026-08-03,Emergency,0,8,65,100,0.65,13.2,3,0,none
2026-08-03,OPD - General Medicine,0,8,147,150,0.98,43.2,7,0,none
2026-08-03,Cardiology,0,8,43,60,0.717,15.5,2,0,none
2026-08-03,Orthopedics,0,8,29,50,0.58,14.8,2,0,none
2026-08-03,Pediatrics,0,8,51,70,0.729,19.4,3,0,none
2026-08-03,Radiology,0,8,27,40,0.675,12.8,1,0,none
2026-08-04,Emergency,1,8,46,100,0.46,15.0,5,0,none
2026-08-04,OPD - General Medicine,1,8,97,150,0.647,14.6,7,0,none
2026-08-04,Cardiology,1,8,25,60,0.417,15.7,2,0,none
2026-08-04,Orthopedics,1,8,35,50,0.7,15.8,2,0,none
2026-08-04,Pediatrics,1,8,34,70,0.486,14.4,2,0,none
2026-08-04,Radiology,1,8,26,40,0.65,14.7,1,0,none
2026-08-05,Emergency,2,8,59,100,0.59,14.9,5,0,none
2026-08-05,OPD - General Medicine,2,8,121,150,0.807,23.6,8,0,none
2026-08-05,Cardiology,2,8,36,60,0.6,14.0,2,0,none
2026-08-05,Orthopedics,2,8,24,50,0.48,13.3,1,0,none
2026-08-05,Pediatrics,2,8,39,70,0.557,13.4,3,0,none
2026-08-05,Radiology,2,8,23,40,0.575,15.4,2,0,none
2026-08-06,Emergency,3,8,61,100,0.61,15.7,4,0,none
2026-08-06,OPD - General Medicine,3,8,99,150,0.66,15.4,5,0,none
2026-08-06,Cardiology,3,8,38,60,0.633,16.2,2,0,none
2026-08-06,Orthopedics,3,8,25,50,0.5,13.7,2,0,none
2026-08-06,Pediatrics,3,8,46,70,0.657,16.1,3,0,none
2026-08-06,Radiology,3,8,20,40,0.5,14.8,2,0,none
2026-08-07,Emergency,4,8,52,100,0.52,16.4,4,0,none
2026-08-07,OPD - General Medicine,4,8,98,150,0.653,16.8,7,0,none
2026-08-07,Cardiology,4,8,29,60,0.483,12.8,2,0,none
2026-08-07,Orthopedics,4,8,26,50,0.52,13.9,2,0,none
2026-08-07,Pediatrics,4,8,41,70,0.586,16.6,2,0,none
2026-08-07,Radiology,4,8,23,40,0.575,12.9,1,0,none
2026-08-08,Emergency,5,8,40,100,0.4,12.8,3,0,none
2026-08-08,OPD - General Medicine,5,8,68,150,0.453,13.4,5,0,none
2026-08-08,Cardiology,5,8,34,60,0.567,16.6,2,0,none
2026-08-08,Orthopedics,5,8,20,50,0.4,16.7,2,0,none
2026-08-08,Pediatrics,5,8,31,70,0.443,14.9,3,0,none
2026-08-08,Radiology,5,8,19,40,0.475,15.7,2,0,none
2026-08-09,Emergency,6,8,44,100,0.44,15.5,5,0,none
2026-08-09,OPD - General Medicine,6,8,90,150,0.6,16.0,5,0,none
2026-08-09,Cardiology,6,8,27,60,0.45,14.8,2,0,none
2026-08-09,Orthopedics,6,8,21,50,0.42,16.0,1,0,none
2026-08-09,Pediatrics,6,8,29,70,0.414,14.2,3,0,none
2026-08-09,Radiology,6,8,17,40,0.425,13.7,1,0,none
2026-08-10,Emergency,0,8,63,100,0.63,14.2,4,0,none
2026-08-10,OPD - General Medicine,0,8,116,150,0.773,25.4,6,0,none
2026-08-10,Cardiology,0,8,47,60,0.783,22.1,3,0,none
2026-08-10,Orthopedics,0,8,36,50,0.72,18.2,1,0,none
2026-08-10,Pediatrics,0,8,47,70,0.671,16.5,3,0,none
2026-08-10,Radiology,0,8,31,40,0.775,26.1,1,0,none
2026-08-11,Emergency,1,8,49,100,0.49,16.6,4,0,none
2026-08-11,OPD - General Medicine,1,8,116,150,0.773,24.9,5,0,none
2026-08-11,Cardiology,1,8,27,60,0.45,14.5,2,0,none
2026-08-11,Orthopedics,1,8,25,50,0.5,15.9,2,0,none
2026-08-11,Pediatrics,1,8,42,70,0.6,16.2,3,0,none
2026-08-11,Radiology,1,8,23,40,0.575,15.3,1,0,none
2026-08-12,Emergency,2,8,48,100,0.48,16.0,3,0,none
2026-08-12,OPD - General Medicine,2,8,93,150,0.62,15.3,8,0,none
2026-08-12,Cardiology,2,8,31,60,0.517,13.6,2,0,none
2026-08-12,Orthopedics,2,8,28,50,0.56,15.6,2,0,none
2026-08-12,Pediatrics,2,8,36,70,0.514,16.7,3,0,none
2026-08-12,Radiology,2,8,22,40,0.55,13.9,2,0,none
2026-08-13,Emergency,3,8,50,100,0.5,14.3,4,0,none
2026-08-13,OPD - General Medicine,3,8,109,150,0.727,17.2,6,0,none
2026-08-13,Cardiology,3,8,39,60,0.65,16.9,2,0,none
2026-08-13,Orthopedics,3,8,28,50,0.56,13.2,2,0,none
2026-08-13,Pediatrics,3,8,46,70,0.657,17.2,3,0,none
2026-08-13,Radiology,3,8,19,40,0.475,15.6,1,0,none
